Domain,Base Domain,SSLv2,SSLv3,TLSv1.0,TLSv1.1,TLSv1.2,Any Forward Secrecy,All Forward Secrecy,Weakest DH Group Size,Any RC4,All RC4,OCSP Stapling,Key Type,Key Length,Signature Algorithm,SHA-1 in Served Chain,Not Before,Not After,Highest Served Issuer,Errors
18f.gov,18f.gov,False,False,True,True,True,True,False,4096,False,False,False,rsaEncryption,2048,sha256WithRSAEncryption,False,2015-04-15 00:00:00+00:00,2016-04-14 23:59:59+00:00,AddTrust External CA Root,
abandonedmines.gov,abandonedmines.gov,False,False,True,True,True,True,False,,False,False,True,rsaEncryption,2048,sha1WithRSAEncryption,True,2014-11-21 14:42:17+00:00,2015-10-16 15:00:24+00:00,GlobalSign Root CA,
abmc.gov,abmc.gov,False,False,True,True,True,True,False,2048,False,False,False,rsaEncryption,2048,sha256WithRSAEncryption,False,2015-02-09 00:00:00+00:00,2016-04-06 23:59:59+00:00,thawte Primary Root CA - G3,
access-board.gov,access-board.gov,False,False,True,True,True,False,False,,False,False,False,rsaEncryption,2048,sha256WithRSAEncryption,False,2015-03-02 00:00:00+00:00,2016-05-19 12:00:00+00:00,DigiCert High Assurance EV Root CA,
acquisition.gov,acquisition.gov,False,False,True,True,True,True,False,1024,False,False,False,rsaEncryption,2048,sha256WithRSAEncryption,False,2015-04-20 00:00:00+00:00,2016-04-02 23:59:59+00:00,Symantec Class 3 Secure Server CA - G4,
acus.gov,acus.gov,False,False,True,True,True,True,False,,False,False,False,rsaEncryption,2048,sha256WithRSAEncryption,True,2015-01-26 14:51:43+00:00,2017-10-16 19:44:42+00:00,Go Daddy Class 2 Certification Authority,
admongo.gov,admongo.gov,False,False,True,True,True,True,False,,False,False,False,rsaEncryption,2048,sha256WithRSAEncryption,False,2015-09-17 00:00:00+00:00,2016-11-15 23:59:59+00:00,GeoTrust Global CA,
afadvantage.gov,afadvantage.gov,False,True,True,False,False,False,False,,True,False,False,rsaEncryption,2048,sha256WithRSAEncryption,True,2015-06-30 00:00:00+00:00,2016-08-01 23:59:59+00:00,Class 3 Public Primary Certification Authority,
aff.gov,aff.gov,False,False,True,True,True,True,False,,False,False,False,rsaEncryption,2048,sha256WithRSAEncryption,False,2015-07-22 05:30:08+00:00,2018-10-21 08:25:59+00:00,GeoTrust Global CA,
afrh.gov,afrh.gov,False,False,True,False,False,False,False,,False,False,False,rsaEncryption,2048,sha1WithRSAEncryption,True,2013-05-17 00:00:00+00:00,2016-09-08 12:00:00+00:00,DigiCert High Assurance CA-3,
aids.gov,aids.gov,False,False,True,True,True,True,False,2048,False,False,False,rsaEncryption,2048,sha256WithRSAEncryption,False,2014-11-21 00:00:00+00:00,2017-11-29 12:00:00+00:00,DigiCert Global Root CA,
alertaenlinea.gov,alertaenlinea.gov,False,False,True,True,True,True,False,,False,False,False,rsaEncryption,2048,sha256WithRSAEncryption,False,2015-09-17 00:00:00+00:00,2016-11-15 23:59:59+00:00,GeoTrust Global CA,
ama.gov,ama.gov,False,True,True,True,True,True,False,,False,False,False,rsaEncryption,2048,sha256WithRSAEncryption,True,2014-12-01 17:50:46+00:00,2017-12-02 10:05:06+00:00,Entrust.net Secure Server Certification Authority,
ameslab.gov,ameslab.gov,False,False,True,True,True,True,False,,False,False,False,rsaEncryption,2048,sha256WithRSAEncryption,False,2015-04-03 00:00:00+00:00,2016-07-01 12:00:00+00:00,DigiCert Global Root CA,
amtrakoig.gov,amtrakoig.gov,False,True,True,True,True,True,False,2048,True,False,True,rsaEncryption,2048,sha256WithRSAEncryption,False,2015-04-22 20:12:29+00:00,2016-04-22 20:12:29+00:00,GlobalSign Root CA,
anl.gov,anl.gov,False,False,True,False,True,False,False,,True,False,False,rsaEncryption,2048,sha256WithRSAEncryption,True,2015-07-22 00:00:00+00:00,2017-08-20 23:59:59+00:00,VeriSign Class 3 Public Primary Certification Authority - G5,
aoc.gov,aoc.gov,False,False,True,True,True,True,False,2048,False,False,False,rsaEncryption,2048,sha256WithRSAEncryption,False,2015-05-07 21:08:13+00:00,2016-05-06 04:27:24+00:00,Entrust Root Certification Authority,
applicationmanager.gov,applicationmanager.gov,False,False,True,True,True,True,False,,False,False,False,rsaEncryption,2048,sha256WithRSAEncryption,False,2015-08-07 00:00:00+00:00,2016-04-09 23:59:59+00:00,GeoTrust Global CA,
archives.gov,archives.gov,False,True,True,True,True,True,False,2048,True,False,False,rsaEncryption,2048,sha256WithRSAEncryption,True,2015-09-03 00:00:00+00:00,2016-07-23 23:59:59+00:00,VeriSign Class 3 Public Primary Certification Authority - G5,
arm.gov,arm.gov,False,False,True,True,True,True,True,2048,False,False,False,rsaEncryption,2048,sha256WithRSAEncryption,False,2015-08-24 22:42:18+00:00,2017-03-26 13:52:31+00:00,Entrust Root Certification Authority - G2,
arts.gov,arts.gov,False,False,True,True,True,True,False,,False,False,False,rsaEncryption,1024,sha1WithRSAEncryption,True,2009-09-02 21:02:00+00:00,2010-09-02 21:02:00+00:00,acquia.com,
asap.gov,asap.gov,False,True,True,True,True,True,False,,False,False,False,rsaEncryption,2048,sha256WithRSAEncryption,True,2014-12-01 17:50:20+00:00,2017-12-02 01:32:22+00:00,Entrust.net Secure Server Certification Authority,
asc.gov,asc.gov,False,False,True,False,False,True,False,,True,False,True,rsaEncryption,2048,sha256WithRSAEncryption,False,2014-11-19 07:36:47+00:00,2017-11-21 13:03:43+00:00,GeoTrust Global CA,
astrongmiddleclass.gov,astrongmiddleclass.gov,False,False,True,True,True,True,False,,False,False,False,rsaEncryption,2048,sha256WithRSAEncryption,False,2015-06-09 02:58:16+00:00,2016-04-16 17:25:42+00:00,GeoTrust Global CA,
atf.gov,atf.gov,False,False,True,True,True,True,False,,False,False,False,rsaEncryption,2048,sha256WithRSAEncryption,False,2015-04-07 16:54:13+00:00,2016-04-09 08:06:32+00:00,GeoTrust Global CA,
aviationweather.gov,aviationweather.gov,False,False,True,False,False,True,False,1024,True,False,False,rsaEncryption,2048,sha256WithRSAEncryption,False,2015-05-07 00:00:00+00:00,2016-05-06 23:59:59+00:00,AddTrust External CA Root,
banknet.gov,banknet.gov,False,False,True,True,True,True,False,,True,False,False,rsaEncryption,2048,sha1WithRSAEncryption,True,2013-11-26 00:00:00+00:00,2015-11-29 23:59:59+00:00,VeriSign Class 3 Public Primary Certification Authority - G5,
bea.gov,bea.gov,False,False,True,True,True,True,False,,False,False,False,rsaEncryption,2048,sha256WithRSAEncryption,True,2015-09-17 00:00:00+00:00,2016-01-06 23:59:59+00:00,Equifax Secure Certificate Authority,
bfelob.gov,bfelob.gov,False,False,True,True,True,True,False,1024,True,False,False,rsaEncryption,2048,sha256WithRSAEncryption,False,2014-12-05 20:14:33+00:00,2016-07-02 11:04:51+00:00,Entrust Root Certification Authority,
bfem.gov,bfem.gov,False,False,True,True,True,True,False,,False,False,False,rsaEncryption,2048,sha256WithRSAEncryption,False,2015-08-12 18:00:08+00:00,2017-08-12 19:58:34+00:00,Entrust Root Certification Authority - G2,
bioethics.gov,bioethics.gov,False,True,True,True,True,True,False,2048,True,False,False,rsaEncryption,2048,sha1WithRSAEncryption,True,2014-05-20 12:27:08+00:00,2015-05-21 02:56:02+00:00,Federal Common Policy CA,
biopreferred.gov,biopreferred.gov,False,True,True,False,False,True,False,1024,True,False,False,rsaEncryption,2048,sha256WithRSAEncryption,False,2014-07-24 20:09:44+00:00,2016-07-23 20:09:44+00:00,USDA NITC Issuing CA,
bja.gov,bja.gov,True,True,True,True,True,True,False,1024,True,False,False,rsaEncryption,2048,sha256WithRSAEncryption,True,2015-01-15 00:00:00+00:00,2016-03-31 12:00:00+00:00,DigiCert Global Root CA,
blm.gov,blm.gov,False,False,True,False,False,False,False,,True,False,False,rsaEncryption,2048,sha1WithRSAEncryption,True,2014-08-26 00:00:00+00:00,2016-08-26 23:59:59+00:00,Class 3 Public Primary Certification Authority,
bnl.gov,bnl.gov,False,False,True,False,False,False,False,,False,False,False,rsaEncryption,2048,sha256WithRSAEncryption,True,2015-07-28 12:41:02+00:00,2018-07-28 12:41:02+00:00,GlobalSign Root CA,
bop.gov,bop.gov,False,False,True,True,True,True,False,,False,False,False,rsaEncryption,2048,sha256WithRSAEncryption,True,2014-08-13 00:00:00+00:00,2017-08-17 12:00:00+00:00,DigiCert Global Root CA,
bpa.gov,bpa.gov,False,True,True,True,False,True,False,1024,False,False,False,rsaEncryption,2048,sha256WithRSAEncryption,False,2015-07-28 20:32:12+00:00,2018-07-29 06:18:02+00:00,Entrust Root Certification Authority - G2,
broadbandmap.gov,broadbandmap.gov,False,False,True,True,True,True,False,1024,False,False,False,rsaEncryption,2048,sha256WithRSAEncryption,False,2015-04-30 22:53:36+00:00,2016-05-02 04:55:28+00:00,Entrust Root Certification Authority,
bsee.gov,bsee.gov,False,False,False,False,False,,,,,,,,,,,,,,_nassl.OpenSSLError - error:14077458:SSL routines:SSL23_GET_SERVER_HELLO:tlsv1 unrecognized name
budget.gov,budget.gov,False,False,True,True,True,True,False,,False,False,False,rsaEncryption,2048,sha256WithRSAEncryption,False,2015-06-09 02:58:16+00:00,2016-04-16 17:25:42+00:00,GeoTrust Global CA,
businessusa.gov,businessusa.gov,False,False,True,True,True,True,False,,False,False,False,rsaEncryption,2048,sha256WithRSAEncryption,False,2015-09-11 00:00:00+00:00,2016-09-10 23:59:59+00:00,GeoTrust Global CA,
buyaccessible.gov,buyaccessible.gov,True,True,True,False,False,True,False,,True,False,False,rsaEncryption,2048,sha256WithRSAEncryption,False,2014-10-30 00:00:00+00:00,2015-10-31 23:59:59+00:00,VeriSign Class 3 Public Primary Certification Authority - G5,
cao.gov,cao.gov,False,False,True,True,True,True,False,1024,True,False,False,rsaEncryption,2048,sha256WithRSAEncryption,False,2015-04-21 17:52:09+00:00,2016-09-26 21:47:20+00:00,Entrust Root Certification Authority,
capitol.gov,capitol.gov,False,True,True,True,True,True,False,1024,False,False,False,rsaEncryption,2048,sha256WithRSAEncryption,False,2015-05-18 21:16:31+00:00,2016-05-19 00:13:27+00:00,Entrust Root Certification Authority,
capnhq.gov,capnhq.gov,True,True,True,False,False,True,False,,True,False,True,rsaEncryption,2048,sha256WithRSAEncryption,False,2015-04-28 00:00:00+00:00,2017-02-19 23:59:59+00:00,VeriSign Class 3 Public Primary Certification Authority - G5,
cbo.gov,cbo.gov,False,False,True,True,True,True,False,,False,False,False,rsaEncryption,2048,sha256WithRSAEncryption,False,2015-09-03 17:07:36+00:00,2016-03-27 18:36:55+00:00,GeoTrust Primary Certification Authority - G3,
cbp.gov,cbp.gov,False,False,True,True,True,False,False,,False,False,False,rsaEncryption,2048,sha256WithRSAEncryption,False,2015-09-24 00:00:00+00:00,2016-09-23 23:59:59+00:00,GeoTrust Global CA,
cdfifund.gov,cdfifund.gov,False,False,True,True,True,True,False,,True,False,False,rsaEncryption,2048,sha256WithRSAEncryption,False,2015-09-11 00:00:00+00:00,2016-09-10 23:59:59+00:00,GeoTrust Global CA,
census.gov,census.gov,False,True,True,False,True,False,False,,True,False,False,rsaEncryption,2048,sha256WithRSAEncryption,True,2015-05-04 00:00:00+00:00,2016-05-30 23:59:59+00:00,Class 3 Public Primary Certification Authority,
cfa.gov,cfa.gov,False,False,False,True,True,True,False,,False,False,False,rsaEncryption,2048,sha256WithRSAEncryption,False,2014-10-23 00:00:00+00:00,2017-10-27 12:00:00+00:00,DigiCert Global Root CA,
cfda.gov,cfda.gov,False,True,True,True,True,True,False,1024,True,False,False,rsaEncryption,2048,sha1WithRSAEncryption,True,2014-04-24 16:31:02+00:00,2016-04-29 02:00:49+00:00,Entrust.net Secure Server Certification Authority,
cfo.gov,cfo.gov,False,False,True,True,True,True,False,1024,True,False,False,rsaEncryption,2048,sha256WithRSAEncryption,False,2015-04-21 17:52:09+00:00,2016-09-26 21:47:20+00:00,Entrust Root Certification Authority,
cftc.gov,cftc.gov,False,False,True,True,True,True,False,,False,False,False,rsaEncryption,4096,sha256WithRSAEncryption,False,2015-09-21 13:03:53+00:00,2016-07-20 01:01:01+00:00,Entrust Root Certification Authority,
challenge.gov,challenge.gov,False,False,True,True,True,True,False,,False,False,False,rsaEncryption,2048,sha256WithRSAEncryption,False,2015-09-11 00:00:00+00:00,2016-09-10 23:59:59+00:00,GeoTrust Global CA,
chcoc.gov,chcoc.gov,False,False,True,True,True,True,False,2048,False,False,False,rsaEncryption,2048,sha256WithRSAEncryption,True,2015-06-17 15:23:16+00:00,2018-09-17 04:49:37+00:00,Entrust Root Certification Authority,
childwelfare.gov,childwelfare.gov,False,False,True,True,True,True,False,,False,False,True,rsaEncryption,2048,sha256WithRSAEncryption,False,2015-01-27 00:00:00+00:00,2017-02-17 12:00:00+00:00,DigiCert Global Root CA,
chinacommission.gov,chinacommission.gov,False,True,True,False,False,True,False,2048,True,False,False,rsaEncryption,2048,sha256WithRSAEncryption,False,2015-07-09 00:00:00+00:00,2018-07-13 12:00:00+00:00,DigiCert Global Root CA,
christophercolumbusfoundation.gov,christophercolumbusfoundation.gov,False,False,True,True,True,True,False,2048,False,False,False,rsaEncryption,2048,sha256WithRSAEncryption,True,2015-02-21 00:00:00+00:00,2017-03-29 23:59:59+00:00,AddTrust External CA Root,
cia.gov,cia.gov,False,False,True,True,True,True,False,,False,False,False,rsaEncryption,2048,sha256WithRSAEncryption,True,2015-04-01 00:00:00+00:00,2016-04-11 23:59:59+00:00,Class 3 Public Primary Certification Authority,
cio.gov,cio.gov,False,False,True,True,True,True,False,1024,True,False,False,rsaEncryption,2048,sha256WithRSAEncryption,False,2015-04-08 21:41:10+00:00,2016-09-27 06:18:29+00:00,Entrust Root Certification Authority,
citizencorps.gov,citizencorps.gov,False,False,True,True,True,False,False,,False,False,False,rsaEncryption,2048,sha256WithRSAEncryption,False,2015-09-24 00:00:00+00:00,2016-12-23 23:59:59+00:00,GeoTrust Global CA,
climate.gov,climate.gov,False,False,True,True,True,True,False,4096,False,False,False,rsaEncryption,4096,sha256WithRSAEncryption,False,2014-08-29 00:00:00+00:00,2016-09-02 12:00:00+00:00,DigiCert High Assurance EV Root CA,
clinicaltrials.gov,clinicaltrials.gov,False,False,True,True,True,True,False,2048,False,False,False,rsaEncryption,2048,sha256WithRSAEncryption,False,2014-03-06 00:00:00+00:00,2017-05-09 12:00:00+00:00,DigiCert Global Root CA,
cms.gov,cms.gov,False,False,True,True,True,True,False,,False,False,False,rsaEncryption,2048,sha256WithRSAEncryption,False,2015-08-10 00:00:00+00:00,2016-07-06 23:59:59+00:00,GeoTrust Global CA,
cnss.gov,cnss.gov,False,False,True,True,True,True,False,,False,False,False,rsaEncryption,2048,sha1WithRSAEncryption,True,2014-05-09 12:46:23+00:00,2017-05-09 12:46:23+00:00,DoD Root CA 2,
commerce.gov,commerce.gov,False,False,True,True,True,True,False,2048,False,False,True,rsaEncryption,2048,sha256WithRSAEncryption,False,2015-03-10 00:00:00+00:00,2016-05-26 12:00:00+00:00,DigiCert Global Root CA,
complaintreferralexpress.gov,complaintreferralexpress.gov,True,True,True,False,False,True,False,,True,False,False,rsaEncryption,2048,sha1WithRSAEncryption,True,2014-04-01 00:00:00+00:00,2016-04-01 23:59:59+00:00,VeriSign Class 3 International Server CA - G3,
computersforlearning.gov,computersforlearning.gov,False,False,True,True,True,True,False,1024,False,False,False,rsaEncryption,2048,sha256WithRSAEncryption,True,2015-03-16 00:00:00+00:00,2016-04-02 23:59:59+00:00,Class 3 Public Primary Certification Authority,
congress.gov,congress.gov,False,False,True,True,True,False,False,,True,False,False,rsaEncryption,2048,sha256WithRSAEncryption,True,2015-05-21 15:31:50+00:00,2018-05-21 23:39:15+00:00,Entrust Root Certification Authority,
connect.gov,connect.gov,False,False,True,True,True,True,False,,False,False,False,rsaEncryption,2048,sha256WithRSAEncryption,False,2015-09-11 00:00:00+00:00,2016-09-10 23:59:59+00:00,GeoTrust Global CA,
consumer.gov,consumer.gov,False,False,True,True,True,True,False,,False,False,False,rsaEncryption,2048,sha256WithRSAEncryption,False,2015-09-17 00:00:00+00:00,2016-11-15 23:59:59+00:00,GeoTrust Global CA,
consumersentinel.gov,consumersentinel.gov,False,False,True,True,True,True,False,,False,False,False,rsaEncryption,2048,sha256WithRSAEncryption,True,2015-02-12 00:00:00+00:00,2018-06-20 12:00:00+00:00,DigiCert Global Root CA,
consumidor.gov,consumidor.gov,False,False,True,True,True,True,False,,False,False,False,rsaEncryption,2048,sha256WithRSAEncryption,False,2015-09-17 00:00:00+00:00,2016-11-15 23:59:59+00:00,GeoTrust Global CA,
contractdirectory.gov,contractdirectory.gov,False,True,True,False,True,False,False,,True,False,False,rsaEncryption,2048,sha1WithRSAEncryption,True,2014-04-24 16:43:26+00:00,2016-04-29 10:19:40+00:00,Entrust.net Secure Server Certification Authority,
cpars.gov,cpars.gov,False,False,True,True,False,True,False,1024,False,False,False,rsaEncryption,2048,sha1WithRSAEncryption,True,2014-06-18 18:16:09+00:00,2016-06-19 07:34:31+00:00,Entrust Certification Authority - L1E,
cpnireporting.gov,cpnireporting.gov,False,True,True,False,False,True,False,1024,True,False,False,rsaEncryption,2048,sha256WithRSAEncryption,True,2013-05-10 18:07:53+00:00,2016-05-10 18:37:53+00:00,US Treasury Root CA,
cpsc.gov,cpsc.gov,False,False,True,True,True,True,False,,True,False,False,rsaEncryption,2048,sha256WithRSAEncryption,False,2015-09-24 00:00:00+00:00,2016-11-22 23:59:59+00:00,GeoTrust Global CA,
cuidadodesalud.gov,cuidadodesalud.gov,False,False,True,True,True,True,False,,False,False,False,rsaEncryption,2048,sha256WithRSAEncryption,False,2015-09-10 00:00:00+00:00,2016-12-09 23:59:59+00:00,GeoTrust Global CA,
data.gov,data.gov,False,False,True,True,True,True,False,,False,False,False,rsaEncryption,2048,sha256WithRSAEncryption,False,2015-09-11 00:00:00+00:00,2016-09-10 23:59:59+00:00,GeoTrust Global CA,
denali.gov,denali.gov,False,True,True,True,True,True,False,2048,True,False,False,rsaEncryption,2048,sha256WithRSAEncryption,False,2015-05-09 00:00:00+00:00,2017-03-12 23:59:59+00:00,USERTrust RSA Certification Authority,
dhs.gov,dhs.gov,False,False,True,True,True,False,False,,False,False,False,rsaEncryption,2048,sha256WithRSAEncryption,False,2015-09-24 00:00:00+00:00,2016-09-23 23:59:59+00:00,GeoTrust Global CA,
digitalgov.gov,digitalgov.gov,False,False,True,True,True,True,False,,False,False,False,rsaEncryption,2048,sha256WithRSAEncryption,False,2015-09-11 00:00:00+00:00,2016-09-10 23:59:59+00:00,GeoTrust Global CA,
directoasucuenta.gov,directoasucuenta.gov,False,False,True,True,True,False,False,,False,False,False,rsaEncryption,2048,sha256WithRSAEncryption,True,2015-07-21 18:07:40+00:00,2018-07-22 04:06:42+00:00,Entrust Root Certification Authority,
disability.gov,disability.gov,False,False,True,True,True,False,False,,False,False,False,rsaEncryption,2048,sha256WithRSAEncryption,False,2013-11-26 00:00:00+00:00,2016-12-14 12:00:00+00:00,DigiCert Global Root CA,
disasterassistance.gov,disasterassistance.gov,False,False,True,True,True,False,False,,False,False,False,rsaEncryption,2048,sha256WithRSAEncryption,False,2015-09-24 00:00:00+00:00,2016-09-23 23:59:59+00:00,GeoTrust Global CA,
docline.gov,docline.gov,False,False,True,True,True,True,False,1024,False,False,False,rsaEncryption,2048,sha256WithRSAEncryption,False,2015-09-09 14:04:00+00:00,2017-09-09 23:29:33+00:00,Entrust Root Certification Authority,
doi.gov,doi.gov,False,False,True,True,True,True,False,,False,False,False,rsaEncryption,2048,sha256WithRSAEncryption,False,2015-06-15 00:00:00+00:00,2018-08-22 12:00:00+00:00,DigiCert High Assurance EV Root CA,
doioig.gov,doioig.gov,False,False,True,True,True,False,False,,False,False,False,rsaEncryption,2048,sha256WithRSAEncryption,True,2015-07-02 00:00:00+00:00,2017-02-07 23:59:59+00:00,AddTrust External CA Root,
dol.gov,dol.gov,False,False,True,False,False,False,False,,False,False,False,rsaEncryption,2048,sha256WithRSAEncryption,False,2014-01-15 00:00:00+00:00,2017-03-07 12:00:00+00:00,DigiCert Global Root CA,
donotcall.gov,donotcall.gov,False,False,True,True,True,True,True,,False,False,False,rsaEncryption,2048,sha1WithRSAEncryption,True,2012-10-18 00:00:00+00:00,2016-01-10 12:00:00+00:00,DigiCert High Assurance EV Root CA,
dot.gov,dot.gov,False,False,True,True,True,True,False,,True,False,False,rsaEncryption,2048,sha256WithRSAEncryption,False,2015-04-08 09:47:29+00:00,2016-06-09 17:25:48+00:00,GeoTrust Global CA,
dotgov.gov,dotgov.gov,False,False,True,True,True,True,False,1024,True,False,False,rsaEncryption,2048,sha256WithRSAEncryption,True,2015-01-09 00:00:00+00:00,2017-01-07 23:59:59+00:00,Class 3 Public Primary Certification Authority,
dotideahub.gov,dotideahub.gov,False,False,True,True,True,True,False,,True,False,False,rsaEncryption,2048,sha256WithRSAEncryption,True,2015-08-25 20:13:22+00:00,2016-08-25 20:13:20+00:00,GTE CyberTrust Global Root,
drought.gov,drought.gov,False,False,True,True,True,True,False,2048,False,False,False,rsaEncryption,2048,sha256WithRSAEncryption,False,2014-08-26 00:00:00+00:00,2017-11-03 12:00:00+00:00,DigiCert Global Root CA,
drugabuse.gov,drugabuse.gov,False,False,True,True,True,True,False,4096,False,False,False,rsaEncryption,2048,sha256WithRSAEncryption,False,2015-07-08 00:00:00+00:00,2018-07-12 12:00:00+00:00,DigiCert Global Root CA,
dsac.gov,dsac.gov,False,False,True,True,True,True,False,,False,False,True,rsaEncryption,2048,sha1WithRSAEncryption,True,2015-01-13 23:22:14+00:00,2015-10-17 23:08:05+00:00,GlobalSign Root CA,
eac.gov,eac.gov,False,False,True,True,True,True,False,,False,False,False,rsaEncryption,2048,sha1WithRSAEncryption,True,2015-06-19 16:52:07+00:00,2016-06-19 16:52:05+00:00,GTE CyberTrust Global Root,
earmarks.gov,earmarks.gov,False,False,True,True,True,True,False,1024,True,False,False,rsaEncryption,2048,sha256WithRSAEncryption,False,2014-12-05 20:14:33+00:00,2016-07-02 11:04:51+00:00,Entrust Root Certification Authority,
economicinclusion.gov,economicinclusion.gov,False,False,True,True,True,False,False,,False,False,False,rsaEncryption,2048,sha256WithRSAEncryption,False,2014-11-04 00:00:00+00:00,2016-09-09 23:59:59+00:00,VeriSign Class 3 Public Primary Certification Authority - G5,
ecpic.gov,ecpic.gov,False,False,True,True,True,True,False,,False,False,False,rsaEncryption,2048,sha256WithRSAEncryption,False,2015-09-11 00:00:00+00:00,2016-09-10 23:59:59+00:00,GeoTrust Global CA,
ecr.gov,ecr.gov,False,False,True,False,False,True,False,,False,False,True,rsaEncryption,2048,sha1WithRSAEncryption,True,2014-10-02 00:00:00+00:00,2016-06-14 23:59:59+00:00,GeoTrust Global CA,
ed.gov,ed.gov,False,False,True,False,False,False,False,,False,False,False,rsaEncryption,2048,sha1WithRSAEncryption,True,2014-01-18 00:00:00+00:00,2016-01-19 23:59:59+00:00,Class 3 Public Primary Certification Authority,
edpubs.gov,edpubs.gov,True,True,True,False,False,True,False,,True,False,True,rsaEncryption,2048,sha1WithRSAEncryption,True,2014-11-10 20:07:36+00:00,2015-11-15 02:39:21+00:00,Entrust.net Certification Authority (2048),
eftps.gov,eftps.gov,False,False,True,False,False,False,False,,False,False,False,rsaEncryption,2048,sha1WithRSAEncryption,True,2014-11-05 00:00:00+00:00,2016-01-19 23:59:59+00:00,Class 3 Public Primary Certification Authority,
egov.gov,egov.gov,False,False,True,True,True,True,False,,False,False,False,rsaEncryption,2048,sha256WithRSAEncryption,False,2015-06-09 02:58:16+00:00,2016-04-16 17:25:42+00:00,GeoTrust Global CA,
eldercare.gov,eldercare.gov,False,True,True,True,True,True,False,1024,True,False,True,rsaEncryption,2048,sha256WithRSAEncryption,False,2014-12-27 00:54:44+00:00,2015-12-24 04:01:18+00:00,Entrust Root Certification Authority,
employeeexpress.gov,employeeexpress.gov,False,False,True,False,False,True,False,,True,False,True,rsaEncryption,2048,sha256WithRSAEncryption,False,2013-10-22 12:00:01+00:00,2016-06-29 12:00:00+00:00,DigiCert High Assurance EV Root CA,
empowhr.gov,empowhr.gov,False,False,True,False,True,False,False,,False,False,False,rsaEncryption,2048,sha1WithRSAEncryption,True,2012-03-27 18:42:15+00:00,2016-05-28 00:31:17+00:00,Entrust Certification Authority - L1C,
energycodes.gov,energycodes.gov,False,False,True,True,True,False,False,,True,False,False,rsaEncryption,2048,sha256WithRSAEncryption,True,2014-04-10 20:25:40+00:00,2016-06-11 07:30:28+00:00,Entrust.net Certification Authority (2048),
energystar.gov,energystar.gov,False,False,True,False,False,True,False,1024,False,False,False,rsaEncryption,2048,sha256WithRSAEncryption,False,2013-10-30 18:30:03+00:00,2018-05-06 12:39:26+00:00,Go Daddy Root Certificate Authority - G2,
eop.gov,eop.gov,False,False,True,True,True,True,False,,False,False,False,rsaEncryption,2048,sha256WithRSAEncryption,False,2015-06-09 02:58:16+00:00,2016-04-16 17:25:42+00:00,GeoTrust Global CA,
esc.gov,esc.gov,False,False,True,True,True,True,False,,True,False,False,rsaEncryption,2048,sha256WithRSAEncryption,False,2015-09-14 00:00:00+00:00,2016-09-13 23:59:59+00:00,GeoTrust Global CA,
esrs.gov,esrs.gov,False,True,True,True,True,True,False,1024,True,False,False,rsaEncryption,2048,sha1WithRSAEncryption,True,2014-08-11 14:00:23+00:00,2016-08-19 02:04:50+00:00,Entrust Root Certification Authority,
eta-find.gov,eta-find.gov,False,False,True,True,True,False,False,,False,False,,,,,,,,,utils.SSLyzeSSLConnection.SSLHandshakeRejected - TLS / Alert handshake failure
ethics.gov,ethics.gov,False,False,True,True,True,True,False,,False,False,False,rsaEncryption,2048,sha256WithRSAEncryption,False,2015-06-09 02:58:16+00:00,2016-04-16 17:25:42+00:00,GeoTrust Global CA,
everykidinapark.gov,everykidinapark.gov,False,False,True,True,True,True,False,1024,False,False,False,rsaEncryption,2048,sha256WithRSAEncryption,False,2015-08-28 00:00:00+00:00,2016-08-27 23:59:59+00:00,AddTrust External CA Root,
faa.gov,faa.gov,False,False,True,True,True,True,False,,True,False,False,rsaEncryption,2048,sha256WithRSAEncryption,True,2015-08-17 19:18:01+00:00,2016-08-17 19:17:56+00:00,GTE CyberTrust Global Root,
faasafety.gov,faasafety.gov,False,False,True,True,True,True,False,,True,False,False,rsaEncryption,2048,sha256WithRSAEncryption,False,2015-09-14 00:00:00+00:00,2016-09-13 23:59:59+00:00,GeoTrust Global CA,
faca.gov,faca.gov,False,False,True,False,True,True,False,,True,False,True,rsaEncryption,2048,sha256WithRSAEncryption,False,2015-04-23 00:00:00+00:00,2017-09-01 23:59:59+00:00,GeoTrust Global CA,
fafsa.gov,fafsa.gov,False,False,True,True,True,False,False,,True,False,False,rsaEncryption,2048,sha1WithRSAEncryption,True,2014-10-07 00:00:00+00:00,2016-10-07 23:59:59+00:00,VeriSign Class 3 Public Primary Certification Authority - G5,
fai.gov,fai.gov,False,True,True,True,True,True,False,2048,True,False,False,rsaEncryption,2048,sha256WithRSAEncryption,False,2014-07-28 20:04:08+00:00,2016-07-29 09:15:09+00:00,Entrust Certification Authority - L1C,
fan.gov,fan.gov,False,False,True,True,True,True,False,1024,True,False,False,rsaEncryption,2048,sha256WithRSAEncryption,True,2014-12-10 00:00:00+00:00,2015-12-10 23:59:59+00:00,Class 3 Public Primary Certification Authority,
fapiis.gov,fapiis.gov,False,False,True,True,False,True,False,1024,False,False,False,rsaEncryption,2048,sha1WithRSAEncryption,True,2014-08-11 14:22:05+00:00,2016-08-19 06:16:33+00:00,Entrust Certification Authority - L1E,
farmerclaims.gov,farmerclaims.gov,False,True,True,False,False,False,False,,False,False,False,rsaEncryption,2048,sha256WithRSAEncryption,True,2015-02-06 14:16:57+00:00,2017-02-21 07:49:54+00:00,Entrust.net Certification Authority (2048),
fatherhood.gov,fatherhood.gov,False,False,True,True,True,True,False,2048,False,False,False,rsaEncryption,2048,sha256WithRSAEncryption,False,2015-01-27 00:00:00+00:00,2018-01-31 12:00:00+00:00,DigiCert Global Root CA,
fbi.gov,fbi.gov,False,False,True,True,True,True,False,,False,False,True,rsaEncryption,2048,sha1WithRSAEncryption,True,2014-10-20 19:45:10+00:00,2015-10-17 20:08:54+00:00,GlobalSign Root CA,
fbiic.gov,fbiic.gov,False,False,True,True,True,True,False,1024,False,False,False,rsaEncryption,2048,sha256WithRSAEncryption,True,2015-02-07 00:00:00+00:00,2016-02-08 23:59:59+00:00,VeriSign Class 3 Public Primary Certification Authority - G5,
fbijobs.gov,fbijobs.gov,False,False,True,True,True,True,False,1024,False,False,False,rsaEncryption,2048,sha256WithRSAEncryption,False,2014-10-11 00:02:08+00:00,2017-10-11 00:02:08+00:00,Go Daddy Root Certificate Authority - G2,
fbo.gov,fbo.gov,False,True,True,True,True,True,False,1024,True,False,False,rsaEncryption,2048,sha1WithRSAEncryption,True,2014-04-24 16:27:12+00:00,2016-04-29 10:58:13+00:00,Entrust.net Secure Server Certification Authority,
fca.gov,fca.gov,False,True,True,True,True,True,False,,True,False,,,,,,,,,_nassl.OpenSSLError - error:27069065:OCSP routines:OCSP_basic_verify:certificate verify error
fcc.gov,fcc.gov,False,False,True,True,True,True,False,,False,False,False,rsaEncryption,2048,sha256WithRSAEncryption,False,2015-09-25 00:00:00+00:00,2016-12-24 23:59:59+00:00,GeoTrust Global CA,
fcg.gov,fcg.gov,False,False,True,True,True,False,False,,False,False,False,rsaEncryption,2048,sha256WithRSAEncryption,False,2015-07-16 00:00:00+00:00,2018-07-20 12:00:00+00:00,DigiCert SHA2 Secure Server CA,
fcsic.gov,fcsic.gov,False,True,True,True,True,True,False,,True,False,,,,,,,,,_nassl.OpenSSLError - error:27069065:OCSP routines:OCSP_basic_verify:certificate verify error
fdic.gov,fdic.gov,False,False,True,True,True,False,False,,False,False,False,rsaEncryption,2048,sha256WithRSAEncryption,False,2015-06-03 00:00:00+00:00,2016-07-09 23:59:59+00:00,VeriSign Class 3 Public Primary Certification Authority - G5,
fdicig.gov,fdicig.gov,True,True,True,False,False,True,False,,True,False,True,rsaEncryption,2048,sha256WithRSAEncryption,False,2015-08-10 00:00:00+00:00,2017-08-09 23:59:59+00:00,VeriSign Class 3 Public Primary Certification Authority - G5,
fdms.gov,fdms.gov,False,False,True,True,True,True,False,,True,False,False,rsaEncryption,2048,sha256WithRSAEncryption,False,2015-05-14 00:00:00+00:00,2016-05-17 23:59:59+00:00,VeriSign Class 3 Public Primary Certification Authority - G5,
feb.gov,feb.gov,False,False,True,True,True,True,False,,False,False,False,rsaEncryption,2048,sha256WithRSAEncryption,False,2015-08-28 00:00:00+00:00,2016-11-26 23:59:59+00:00,GeoTrust Global CA,
fedbizopps.gov,fedbizopps.gov,False,True,True,True,True,True,False,1024,True,False,False,rsaEncryption,2048,sha1WithRSAEncryption,True,2014-04-24 16:32:40+00:00,2016-04-29 00:21:21+00:00,Entrust.net Secure Server Certification Authority,
fedcenter.gov,fedcenter.gov,False,False,True,True,True,True,False,,False,False,False,rsaEncryption,2048,sha1WithRSAEncryption,True,2014-04-23 00:00:00+00:00,2016-06-08 12:00:00+00:00,DigiCert High Assurance EV Root CA,
federaljobs.gov,federaljobs.gov,False,False,True,True,True,True,False,,False,False,False,rsaEncryption,2048,sha256WithRSAEncryption,False,2015-08-07 00:00:00+00:00,2016-04-09 23:59:59+00:00,GeoTrust Global CA,
federalregister.gov,federalregister.gov,False,False,True,True,True,True,False,2048,False,False,False,rsaEncryption,2048,sha256WithRSAEncryption,False,2014-09-29 00:00:00+00:00,2015-12-01 12:00:00+00:00,DigiCert High Assurance EV Root CA,
federalreserve.gov,federalreserve.gov,False,False,True,True,True,True,False,1024,False,False,False,rsaEncryption,2048,sha256WithRSAEncryption,True,2015-03-10 00:00:00+00:00,2017-03-10 23:59:59+00:00,VeriSign Class 3 Public Primary Certification Authority - G5,
federalreserveconsumerhelp.gov,federalreserveconsumerhelp.gov,False,True,True,False,False,True,False,,True,False,False,rsaEncryption,2048,sha256WithRSAEncryption,False,2015-08-27 00:00:00+00:00,2016-08-27 23:59:59+00:00,VeriSign Class 3 Public Primary Certification Authority - G5,
fedidcard.gov,fedidcard.gov,False,False,True,False,False,True,False,,False,False,False,rsaEncryption,2048,sha1WithRSAEncryption,True,2015-03-12 00:00:00+00:00,2016-03-20 23:59:59+00:00,Class 3 Public Primary Certification Authority,
fedinvest.gov,fedinvest.gov,False,False,True,True,True,True,False,,False,False,False,rsaEncryption,2048,sha256WithRSAEncryption,False,2015-09-01 12:00:52+00:00,2017-09-02 05:45:53+00:00,Entrust Root Certification Authority,
fedjobs.gov,fedjobs.gov,False,False,True,True,True,True,False,,False,False,False,rsaEncryption,2048,sha256WithRSAEncryption,False,2015-08-07 00:00:00+00:00,2016-04-09 23:59:59+00:00,GeoTrust Global CA,
fedpartnership.gov,fedpartnership.gov,False,False,True,True,True,True,False,,True,False,False,rsaEncryption,2048,sha256WithRSAEncryption,False,2015-01-12 19:53:15+00:00,2018-01-13 11:11:08+00:00,Entrust Root Certification Authority,
fedramp.gov,fedramp.gov,False,False,True,True,True,True,False,,False,False,False,rsaEncryption,2048,sha256WithRSAEncryption,False,2015-09-11 00:00:00+00:00,2016-09-10 23:59:59+00:00,GeoTrust Global CA,
fedreg.gov,fedreg.gov,False,True,True,False,False,False,False,,True,False,False,rsaEncryption,4096,sha256WithRSAEncryption,False,2015-02-03 00:00:00+00:00,2016-02-03 23:59:59+00:00,VeriSign Class 3 Public Primary Certification Authority - G5,
feedthefuture.gov,feedthefuture.gov,False,False,True,True,True,True,False,,False,False,False,rsaEncryption,2048,sha256WithRSAEncryption,True,2015-01-04 20:00:13+00:00,2019-01-06 10:01:18+00:00,Equifax Secure Certificate Authority,
fegli.gov,fegli.gov,False,False,True,True,True,True,False,,False,False,False,rsaEncryption,2048,sha256WithRSAEncryption,False,2015-08-28 00:00:00+00:00,2016-11-26 23:59:59+00:00,GeoTrust Global CA,
fema.gov,fema.gov,False,False,True,True,True,False,False,,False,False,False,rsaEncryption,2048,sha256WithRSAEncryption,False,2015-09-24 00:00:00+00:00,2016-09-23 23:59:59+00:00,GeoTrust Global CA,
femalefarmerclaims.gov,femalefarmerclaims.gov,False,True,True,False,False,False,False,,False,False,False,rsaEncryption,2048,sha256WithRSAEncryption,True,2015-02-06 14:16:57+00:00,2017-02-21 07:49:54+00:00,Entrust.net Certification Authority (2048),
ferc.gov,ferc.gov,False,False,True,True,True,True,False,,False,False,False,rsaEncryption,4096,sha256WithRSAEncryption,True,2015-02-06 00:00:00+00:00,2016-02-09 23:59:59+00:00,VeriSign Class 3 Public Primary Certification Authority - G5,
ffiec.gov,ffiec.gov,False,False,True,True,True,True,False,1024,False,False,False,rsaEncryption,2048,sha256WithRSAEncryption,True,2014-10-30 00:00:00+00:00,2016-10-30 23:59:59+00:00,VeriSign Class 3 Public Primary Certification Authority - G5,
fgdc.gov,fgdc.gov,False,False,True,True,True,False,False,,False,False,False,rsaEncryption,2048,sha256WithRSAEncryption,False,2015-04-13 00:00:00+00:00,2016-04-19 12:00:00+00:00,DigiCert High Assurance EV Root CA,
fhfa.gov,fhfa.gov,False,False,True,True,True,True,False,,False,False,False,rsaEncryption,2048,sha256WithRSAEncryption,True,2014-03-19 00:00:00+00:00,2017-03-23 12:00:00+00:00,DigiCert High Assurance EV Root CA,
fido.gov,fido.gov,False,False,True,False,True,True,False,,True,False,True,rsaEncryption,2048,sha256WithRSAEncryption,False,2015-04-23 00:00:00+00:00,2017-09-01 23:59:59+00:00,GeoTrust Global CA,
fincen.gov,fincen.gov,False,False,True,False,False,True,False,2048,False,False,False,rsaEncryption,2048,sha256WithRSAEncryption,False,2014-11-17 12:34:17+00:00,2016-11-14 15:38:27+00:00,Entrust Certification Authority - L1K,
firecode.gov,firecode.gov,False,False,True,False,False,True,False,,False,False,True,rsaEncryption,2048,sha1WithRSAEncryption,True,2012-12-10 00:00:00+00:00,2015-12-07 23:59:59+00:00,VeriSign Class 3 Public Primary Certification Authority - G5,
firescience.gov,firescience.gov,False,True,True,False,False,False,False,,True,False,False,rsaEncryption,2048,sha1WithRSAEncryption,True,2013-12-07 00:00:00+00:00,2016-12-06 23:59:59+00:00,Class 3 Public Primary Certification Authority,
firstrespondertraining.gov,firstrespondertraining.gov,False,False,True,True,True,False,False,,False,False,False,rsaEncryption,2048,sha256WithRSAEncryption,False,2015-09-24 00:00:00+00:00,2016-09-23 23:59:59+00:00,GeoTrust Global CA,
fiscalcommission.gov,fiscalcommission.gov,False,False,True,True,True,True,False,,False,False,False,rsaEncryption,2048,sha256WithRSAEncryption,False,2015-06-09 02:58:16+00:00,2016-04-16 17:25:42+00:00,GeoTrust Global CA,
fleta.gov,fleta.gov,False,False,True,True,True,False,False,,False,False,False,rsaEncryption,2048,sha256WithRSAEncryption,False,2015-09-24 00:00:00+00:00,2016-09-23 23:59:59+00:00,GeoTrust Global CA,
fletc.gov,fletc.gov,False,False,True,True,True,False,False,,False,False,False,rsaEncryption,2048,sha256WithRSAEncryption,False,2015-09-24 00:00:00+00:00,2016-09-23 23:59:59+00:00,GeoTrust Global CA,
flightschoolcandidates.gov,flightschoolcandidates.gov,False,True,True,False,True,False,False,,True,False,False,rsaEncryption,2048,sha256WithRSAEncryption,True,2015-08-18 18:41:13+00:00,2018-08-19 00:24:54+00:00,Entrust Root Certification Authority,
floodsmart.gov,floodsmart.gov,False,False,True,True,True,False,False,,False,False,False,rsaEncryption,2048,sha256WithRSAEncryption,False,2015-09-24 00:00:00+00:00,2016-12-23 23:59:59+00:00,GeoTrust Global CA,
flra.gov,flra.gov,False,False,True,False,False,True,False,1024,True,False,False,rsaEncryption,2048,sha256WithRSAEncryption,False,2015-06-19 00:00:00+00:00,2016-08-22 12:00:00+00:00,DigiCert Global Root CA,
fmcs.gov,fmcs.gov,False,False,True,True,True,True,True,2048,False,False,False,rsaEncryption,2048,sha256WithRSAEncryption,True,2015-08-11 00:00:00+00:00,2016-08-23 23:59:59+00:00,AddTrust External CA Root,
fmi.gov,fmi.gov,True,True,True,False,False,True,False,,True,False,False,rsaEncryption,2048,sha256WithRSAEncryption,False,2015-06-17 00:00:00+00:00,2016-06-17 23:59:59+00:00,VeriSign Class 3 Public Primary Certification Authority - G5,
fmshrc.gov,fmshrc.gov,False,False,True,False,False,False,False,,True,False,False,rsaEncryption,4096,sha256WithRSAEncryption,True,2015-02-13 00:00:00+00:00,2016-02-14 23:59:59+00:00,Class 3 Public Primary Certification Authority,
fnal.gov,fnal.gov,False,False,True,False,False,True,False,1024,True,False,False,rsaEncryption,2048,sha256WithRSAEncryption,False,2013-10-22 12:00:01+00:00,2016-03-22 12:00:00+00:00,DigiCert High Assurance EV Root CA,
fpds.gov,fpds.gov,False,True,True,False,True,False,False,,True,False,False,rsaEncryption,2048,sha1WithRSAEncryption,True,2014-04-24 16:42:37+00:00,2016-04-29 10:35:44+00:00,Entrust Root Certification Authority,
frtr.gov,frtr.gov,False,False,True,True,True,True,False,,False,False,True,rsaEncryption,2048,sha256WithRSAEncryption,False,2015-09-16 00:00:00+00:00,2016-09-15 23:59:59+00:00,AddTrust External CA Root,
fsd.gov,fsd.gov,False,False,True,True,True,True,False,,True,False,False,rsaEncryption,2048,sha256WithRSAEncryption,False,2015-01-15 00:00:00+00:00,2017-01-25 12:00:00+00:00,DigiCert SHA2 Secure Server CA,
fsgb.gov,fsgb.gov,False,False,True,True,True,True,False,,True,False,False,rsaEncryption,2048,sha256WithRSAEncryption,False,2014-05-07 15:48:05+00:00,2016-09-19 20:20:49+00:00,Go Daddy Class 2 Certification Authority,
fsrs.gov,fsrs.gov,False,True,True,True,True,True,False,1024,True,False,False,rsaEncryption,2048,sha1WithRSAEncryption,True,2014-04-24 16:31:26+00:00,2016-04-29 07:39:07+00:00,Entrust.net Certification Authority (2048),
ftc.gov,ftc.gov,False,False,True,True,True,True,False,,False,False,False,rsaEncryption,2048,sha256WithRSAEncryption,False,2015-09-17 00:00:00+00:00,2016-11-15 23:59:59+00:00,GeoTrust Global CA,
ftccomplaintassistant.gov,ftccomplaintassistant.gov,False,False,True,True,True,True,True,,False,False,False,rsaEncryption,2048,sha256WithRSAEncryption,True,2015-06-22 00:00:00+00:00,2018-09-05 12:00:00+00:00,DigiCert Global Root CA,
ftcefile.gov,ftcefile.gov,False,False,True,True,True,True,False,,False,False,True,rsaEncryption,2048,sha256WithRSAEncryption,False,2015-05-20 00:00:00+00:00,2018-07-11 12:00:00+00:00,DigiCert Global Root CA,
fttesttwai.gov,fttesttwai.gov,False,True,True,True,True,True,False,,False,False,False,rsaEncryption,1024,sha1WithRSAEncryption,True,2009-12-16 16:09:21+00:00,2019-12-14 16:09:21+00:00,TWAI Operations,
fvap.gov,fvap.gov,False,False,True,True,True,True,False,,False,False,False,rsaEncryption,2048,sha256WithRSAEncryption,False,2015-03-22 15:06:56+00:00,2016-05-22 20:52:02+00:00,GeoTrust Global CA,
fws.gov,fws.gov,False,False,True,True,True,False,False,,False,False,False,rsaEncryption,2048,sha256WithRSAEncryption,True,2014-04-10 17:07:16+00:00,2017-05-30 17:13:54+00:00,GlobalSign Root CA,
g5.gov,g5.gov,False,False,True,False,True,False,False,,False,False,False,rsaEncryption,2048,sha1WithRSAEncryption,True,2014-08-15 00:00:00+00:00,2016-08-15 23:59:59+00:00,Class 3 Public Primary Certification Authority,
gao.gov,gao.gov,False,False,True,False,False,True,False,1024,False,False,False,rsaEncryption,2048,sha256WithRSAEncryption,True,2014-07-11 00:00:00+00:00,2017-06-06 23:59:59+00:00,Class 3 Public Primary Certification Authority,
genome.gov,genome.gov,False,False,True,True,True,True,False,,False,False,True,rsaEncryption,2048,sha256WithRSAEncryption,False,2015-05-11 00:00:00+00:00,2018-02-14 23:59:59+00:00,VeriSign Class 3 Public Primary Certification Authority - G5,
geoplatform.gov,geoplatform.gov,False,False,True,True,True,False,False,,False,False,False,rsaEncryption,2048,sha256WithRSAEncryption,False,2015-06-25 00:00:00+00:00,2016-06-29 12:00:00+00:00,DigiCert High Assurance EV Root CA,
globalchange.gov,globalchange.gov,False,False,True,True,True,True,False,,False,False,True,rsaEncryption,2048,sha1WithRSAEncryption,True,2013-01-02 00:00:00+00:00,2016-01-07 12:00:00+00:00,Baltimore CyberTrust Root,
globe.gov,globe.gov,False,False,True,True,True,True,False,1024,True,False,False,rsaEncryption,2048,sha256WithRSAEncryption,False,2015-07-23 00:00:00+00:00,2016-09-21 12:00:00+00:00,DigiCert Global Root CA,
godirect.gov,godirect.gov,False,False,True,True,True,False,False,,True,False,False,rsaEncryption,2048,sha256WithRSAEncryption,True,2015-07-21 18:13:26+00:00,2018-07-22 01:13:43+00:00,Entrust Root Certification Authority,
governmentjobs.gov,governmentjobs.gov,False,False,True,True,True,True,False,,False,False,False,rsaEncryption,2048,sha256WithRSAEncryption,False,2015-08-07 00:00:00+00:00,2016-04-09 23:59:59+00:00,GeoTrust Global CA,
govsales.gov,govsales.gov,False,False,True,True,True,True,False,1024,False,False,False,rsaEncryption,2048,sha256WithRSAEncryption,True,2015-07-30 00:00:00+00:00,2016-08-27 23:59:59+00:00,Class 3 Public Primary Certification Authority,
grantsolutions.gov,grantsolutions.gov,False,False,True,True,True,True,False,2048,False,False,False,rsaEncryption,2048,sha256WithRSAEncryption,False,2014-04-20 18:43:10+00:00,2016-07-23 23:48:18+00:00,Entrust.net Certification Authority (2048),
gsaadvantage.gov,gsaadvantage.gov,False,True,True,False,False,False,False,,True,False,False,rsaEncryption,2048,sha256WithRSAEncryption,True,2015-06-30 00:00:00+00:00,2016-07-25 23:59:59+00:00,Class 3 Public Primary Certification Authority,
gsaauctions.gov,gsaauctions.gov,False,False,True,True,True,True,False,1024,False,False,False,rsaEncryption,2048,sha256WithRSAEncryption,True,2014-10-27 00:00:00+00:00,2015-10-28 23:59:59+00:00,Class 3 Public Primary Certification Authority,
gsaig.gov,gsaig.gov,False,False,True,True,True,True,False,2048,True,False,False,rsaEncryption,2048,sha256WithRSAEncryption,True,2015-04-17 00:00:00+00:00,2016-04-16 23:59:59+00:00,Equifax Secure Certificate Authority,
gsaxcess.gov,gsaxcess.gov,False,False,True,True,True,True,False,1024,False,False,False,rsaEncryption,2048,sha256WithRSAEncryption,True,2014-10-20 00:00:00+00:00,2015-10-21 23:59:59+00:00,Class 3 Public Primary Certification Authority,
guideline.gov,guideline.gov,True,True,True,False,False,True,False,,True,False,True,rsaEncryption,2048,sha256WithRSAEncryption,False,2014-11-20 00:00:00+00:00,2018-11-20 23:59:59+00:00,VeriSign Class 3 Public Primary Certification Authority - G5,
gwa.gov,gwa.gov,False,True,True,True,True,True,False,,False,False,False,rsaEncryption,2048,sha256WithRSAEncryption,True,2014-12-01 18:07:33+00:00,2017-12-02 04:51:19+00:00,Entrust.net Secure Server Certification Authority,
healthcare.gov,healthcare.gov,False,False,True,True,True,True,False,,False,False,False,rsaEncryption,2048,sha256WithRSAEncryption,False,2015-09-10 00:00:00+00:00,2016-12-09 23:59:59+00:00,GeoTrust Global CA,
healthdata.gov,healthdata.gov,False,False,True,True,True,True,False,,False,False,False,rsaEncryption,2048,sha256WithRSAEncryption,False,2015-05-28 22:37:38+00:00,2016-05-28 22:37:38+00:00,Go Daddy Root Certificate Authority - G2,
healthfinder.gov,healthfinder.gov,False,False,True,True,True,True,False,1024,False,False,True,rsaEncryption,2048,sha1WithRSAEncryption,True,2013-04-26 00:00:00+00:00,2017-04-18 23:59:59+00:00,VeriSign Class 3 Public Primary Certification Authority - G5,
healthit.gov,healthit.gov,False,False,True,True,True,True,False,1024,False,False,False,rsaEncryption,2048,sha256WithRSAEncryption,False,2015-04-13 21:16:38+00:00,2018-04-13 21:16:38+00:00,Go Daddy Root Certificate Authority - G2,
healthypeople.gov,healthypeople.gov,False,False,True,True,True,True,False,2048,True,False,False,rsaEncryption,2048,sha256WithRSAEncryption,False,2015-09-10 00:00:00+00:00,2018-07-22 23:59:59+00:00,VeriSign Class 3 Public Primary Certification Authority - G5,
hhs.gov,hhs.gov,False,False,True,True,True,True,False,,True,False,False,rsaEncryption,2048,sha256WithRSAEncryption,False,2015-07-02 00:00:00+00:00,2016-05-26 23:59:59+00:00,GeoTrust Global CA,
hispanicfarmerclaims.gov,hispanicfarmerclaims.gov,False,True,True,False,False,False,False,,False,False,False,rsaEncryption,2048,sha256WithRSAEncryption,True,2015-02-06 14:16:57+00:00,2017-02-21 07:49:54+00:00,Entrust.net Certification Authority (2048),
hiv.gov,hiv.gov,False,False,True,True,True,True,False,2048,False,False,False,rsaEncryption,2048,sha256WithRSAEncryption,False,2014-11-21 00:00:00+00:00,2017-11-29 12:00:00+00:00,DigiCert Global Root CA,
house.gov,house.gov,False,False,True,True,True,True,False,,True,False,False,rsaEncryption,2048,sha256WithRSAEncryption,True,2015-05-27 21:11:29+00:00,2016-05-27 21:11:25+00:00,GTE CyberTrust Global Root,
howto.gov,howto.gov,False,False,True,True,True,True,False,,False,False,False,rsaEncryption,2048,sha256WithRSAEncryption,False,2015-09-11 00:00:00+00:00,2016-09-10 23:59:59+00:00,GeoTrust Global CA,
hru.gov,hru.gov,False,False,True,True,True,True,False,,True,False,True,rsaEncryption,2048,sha256WithRSAEncryption,False,2015-03-09 14:11:39+00:00,2016-03-09 14:11:39+00:00,Go Daddy Class 2 Certification Authority,
hsr.gov,hsr.gov,False,False,True,True,True,True,False,,False,False,False,rsaEncryption,2048,sha256WithRSAEncryption,False,2015-05-15 00:00:00+00:00,2016-03-01 23:59:59+00:00,VeriSign Class 3 Public Primary Certification Authority - G5,
hudoig.gov,hudoig.gov,False,False,True,True,True,True,False,,False,False,False,rsaEncryption,2048,sha256WithRSAEncryption,True,2015-05-22 11:04:40+00:00,2016-06-15 05:38:15+00:00,Entrust Root Certification Authority,
iab.gov,iab.gov,False,False,True,True,True,True,False,,True,False,,,,,,,,,socket.timeout - timed out
iad.gov,iad.gov,False,False,True,True,True,True,False,,False,False,False,rsaEncryption,2048,sha1WithRSAEncryption,True,2014-05-09 12:46:23+00:00,2017-05-09 12:46:23+00:00,DoD Root CA 2,
iarpa-ideas.gov,iarpa-ideas.gov,False,False,True,False,False,True,False,,False,False,True,rsaEncryption,2048,sha256WithRSAEncryption,False,2014-10-24 00:00:00+00:00,2016-01-06 12:00:00+00:00,DigiCert Global Root CA,
iat.gov,iat.gov,False,True,True,False,False,False,False,,False,False,,,,,,,,,utils.SSLyzeSSLConnection.SSLHandshakeRejected - TLS / Unexpected EOF
iawg.gov,iawg.gov,False,False,True,True,True,False,False,,False,False,False,rsaEncryption,2048,sha1WithRSAEncryption,True,2014-04-21 00:00:00+00:00,2015-07-29 12:00:00+00:00,DigiCert Global Root CA,
ic3.gov,ic3.gov,False,False,True,False,False,False,False,,False,False,,,,,,,,,socket.timeout - timed out
icass.gov,icass.gov,False,False,True,True,True,True,False,,False,False,False,rsaEncryption,2048,sha256WithRSAEncryption,False,2015-07-22 20:55:39+00:00,2018-07-22 20:55:39+00:00,Go Daddy Root Certificate Authority - G2,
ice.gov,ice.gov,False,False,True,True,True,False,False,,False,False,False,rsaEncryption,2048,sha256WithRSAEncryption,False,2015-09-24 00:00:00+00:00,2016-09-23 23:59:59+00:00,GeoTrust Global CA,
identitytheft.gov,identitytheft.gov,False,False,True,True,True,True,False,,False,False,False,rsaEncryption,2048,sha256WithRSAEncryption,False,2015-09-17 00:00:00+00:00,2016-11-15 23:59:59+00:00,GeoTrust Global CA,
idmanagement.gov,idmanagement.gov,True,True,True,False,False,True,False,,True,False,False,rsaEncryption,2048,sha256WithRSAEncryption,False,2015-05-20 00:00:00+00:00,2016-05-20 23:59:59+00:00,VeriSign Class 3 Public Primary Certification Authority - G5,
idtheft.gov,idtheft.gov,False,False,True,True,True,True,False,,False,False,False,rsaEncryption,2048,sha256WithRSAEncryption,False,2015-09-17 00:00:00+00:00,2016-11-15 23:59:59+00:00,GeoTrust Global CA,
ignet.gov,ignet.gov,False,False,True,True,True,True,True,2048,False,False,False,rsaEncryption,2048,sha1WithRSAEncryption,True,2012-05-16 00:00:00+00:00,2016-05-16 23:59:59+00:00,Network Solutions Certificate Authority,
ihs.gov,ihs.gov,False,False,True,True,True,True,False,1024,True,False,False,rsaEncryption,2048,sha256WithRSAEncryption,False,2014-12-01 20:15:51+00:00,2016-12-31 11:32:22+00:00,Entrust Root Certification Authority,
imls.gov,imls.gov,False,True,True,True,True,True,False,4096,True,False,False,rsaEncryption,4096,sha256WithRSAEncryption,True,2015-08-01 17:01:38+00:00,2016-08-01 17:01:38+00:00,Go Daddy Class 2 Certification Authority,
inl.gov,inl.gov,False,False,True,True,True,True,False,1024,False,False,False,rsaEncryption,2048,sha256WithRSAEncryption,False,2015-02-05 13:31:32+00:00,2018-05-05 18:41:12+00:00,Entrust Root Certification Authority,
integrity.gov,integrity.gov,False,False,True,True,True,False,False,,False,False,False,rsaEncryption,2048,sha256WithRSAEncryption,True,2014-10-07 19:51:53+00:00,2016-06-19 09:47:11+00:00,Entrust Root Certification Authority,
intelink.gov,intelink.gov,False,False,True,True,True,True,False,1024,False,False,False,rsaEncryption,2048,sha1WithRSAEncryption,True,2014-09-12 00:00:00+00:00,2018-09-11 23:59:59+00:00,Equifax Secure Certificate Authority,
invasivespeciesinfo.gov,invasivespeciesinfo.gov,False,False,True,True,True,True,False,1024,False,False,False,rsaEncryption,2048,sha256WithRSAEncryption,True,2015-03-11 16:57:38+00:00,2016-03-11 16:57:38+00:00,Go Daddy Class 2 Certification Authority,
investor.gov,investor.gov,False,False,True,True,True,True,False,,False,False,False,rsaEncryption,4096,sha256WithRSAEncryption,True,2015-06-19 00:00:00+00:00,2016-09-14 12:00:00+00:00,DigiCert High Assurance EV Root CA,
ioss.gov,ioss.gov,False,False,True,True,True,True,False,,False,False,False,rsaEncryption,2048,sha1WithRSAEncryption,True,2014-05-09 12:46:23+00:00,2017-05-09 12:46:23+00:00,DoD Root CA 2,
ipac.gov,ipac.gov,False,True,True,True,True,True,False,,False,False,False,rsaEncryption,2048,sha256WithRSAEncryption,True,2014-12-01 18:09:38+00:00,2017-12-01 20:37:49+00:00,Entrust.net Secure Server Certification Authority,
ipcc-wg2.gov,ipcc-wg2.gov,False,True,True,False,False,True,False,1024,True,False,False,rsaEncryption,2048,sha256WithRSAEncryption,False,2015-03-09 00:00:00+00:00,2016-04-27 12:00:00+00:00,DigiCert Global Root CA,
ipp.gov,ipp.gov,False,False,True,False,False,True,False,1024,False,False,False,rsaEncryption,2048,sha256WithRSAEncryption,False,2014-05-30 18:22:55+00:00,2017-05-31 06:42:06+00:00,Entrust.net Certification Authority (2048),
iprcenter.gov,iprcenter.gov,False,False,True,True,True,True,False,,False,False,True,rsaEncryption,2048,sha1WithRSAEncryption,True,2014-10-20 18:56:00+00:00,2015-10-17 07:39:28+00:00,GlobalSign Root CA,
ise.gov,ise.gov,False,False,True,True,True,True,False,,False,False,False,rsaEncryption,2048,sha256WithRSAEncryption,True,2015-09-08 00:00:00+00:00,2017-09-07 23:59:59+00:00,AddTrust External CA Root,
itap.gov,itap.gov,False,False,True,True,True,True,False,1024,False,False,False,rsaEncryption,2048,sha256WithRSAEncryption,True,2015-03-11 16:58:46+00:00,2016-03-11 16:58:46+00:00,Go Daddy Class 2 Certification Authority,
itdashboard.gov,itdashboard.gov,False,False,True,True,True,True,False,1024,True,False,False,rsaEncryption,2048,sha256WithRSAEncryption,False,2015-04-08 21:35:52+00:00,2017-07-12 09:38:30+00:00,Entrust Root Certification Authority,
itis.gov,itis.gov,False,False,True,True,True,False,False,,False,False,False,rsaEncryption,2048,sha256WithRSAEncryption,False,2014-12-02 15:51:10+00:00,2018-06-30 03:41:06+00:00,Entrust Root Certification Authority,
its.gov,its.gov,False,True,True,True,True,True,False,,False,False,False,rsaEncryption,2048,sha256WithRSAEncryption,True,2014-12-01 18:09:59+00:00,2017-12-01 21:02:22+00:00,Entrust.net Secure Server Certification Authority,
jccs.gov,jccs.gov,False,False,False,False,False,,,,,,False,rsaEncryption,2048,sha1WithRSAEncryption,True,2013-04-08 15:28:50+00:00,2016-04-08 15:28:50+00:00,DoD Root CA 2,
jct.gov,jct.gov,False,False,True,True,True,True,False,2048,False,False,False,rsaEncryption,2048,sha1WithRSAEncryption,True,2012-04-25 00:00:00+00:00,2018-04-26 23:59:59+00:00,VeriSign Class 3 Public Primary Certification Authority - G5,
jem.gov,jem.gov,False,False,True,True,True,False,False,,False,False,False,rsaEncryption,2048,sha256WithRSAEncryption,True,2015-03-10 00:00:00+00:00,2016-03-30 12:00:00+00:00,DigiCert High Assurance EV Root CA,
jobcorps.gov,jobcorps.gov,False,False,True,False,False,False,False,,False,False,,,,,,,,,utils.SSLyzeSSLConnection.SSLHandshakeRejected - TLS / Unexpected EOF
joiningforces.gov,joiningforces.gov,False,False,True,True,True,True,False,,False,False,False,rsaEncryption,2048,sha256WithRSAEncryption,False,2015-06-09 02:58:16+00:00,2016-04-16 17:25:42+00:00,GeoTrust Global CA,
lacoast.gov,lacoast.gov,False,False,True,True,True,False,False,,False,False,False,rsaEncryption,2048,sha256WithRSAEncryption,True,2015-06-07 00:00:00+00:00,2016-06-21 12:00:00+00:00,Baltimore CyberTrust Root,
lanl.gov,lanl.gov,False,False,True,True,True,True,False,1024,False,False,False,rsaEncryption,2048,sha256WithRSAEncryption,False,2014-12-11 15:09:00+00:00,2016-11-19 01:56:35+00:00,Entrust Root Certification Authority,
latinofarmerclaims.gov,latinofarmerclaims.gov,False,True,True,False,False,False,False,,False,False,False,rsaEncryption,2048,sha256WithRSAEncryption,True,2015-02-06 14:16:57+00:00,2017-02-21 07:49:54+00:00,Entrust.net Certification Authority (2048),
lbl.gov,lbl.gov,False,False,True,True,True,True,False,2048,False,False,False,rsaEncryption,2048,sha1WithRSAEncryption,True,2014-06-04 20:47:12+00:00,2016-04-09 05:12:24+00:00,Entrust.net Certification Authority (2048),
lca.gov,lca.gov,False,False,True,True,True,False,False,,False,False,False,rsaEncryption,2048,sha256WithRSAEncryption,True,2015-01-20 00:00:00+00:00,2016-01-27 12:00:00+00:00,DigiCert High Assurance EV Root CA,
lcacommons.gov,lcacommons.gov,False,True,True,False,False,True,False,1024,True,False,False,rsaEncryption,2048,sha256WithRSAEncryption,True,2015-04-24 16:57:39+00:00,2016-05-10 13:11:46+00:00,Go Daddy Class 2 Certification Authority,
learnperformance.gov,learnperformance.gov,False,False,True,True,True,True,False,,False,False,False,rsaEncryption,2048,sha256WithRSAEncryption,False,2015-09-11 00:00:00+00:00,2016-09-10 23:59:59+00:00,GeoTrust Global CA,
lis.gov,lis.gov,False,False,True,False,False,True,False,1024,True,False,False,rsaEncryption,2048,sha256WithRSAEncryption,False,2015-06-23 13:58:43+00:00,2018-08-01 15:10:11+00:00,Entrust Root Certification Authority,
listo.gov,listo.gov,False,False,True,True,True,True,False,,False,False,False,rsaEncryption,2048,sha1WithRSAEncryption,True,2015-06-19 16:52:07+00:00,2016-06-19 16:52:05+00:00,GTE CyberTrust Global Root,
llis.gov,llis.gov,False,False,True,True,True,False,False,,False,False,False,rsaEncryption,2048,sha256WithRSAEncryption,False,2015-09-24 00:00:00+00:00,2016-12-23 23:59:59+00:00,GeoTrust Global CA,
llnl.gov,llnl.gov,False,False,True,True,True,True,False,1024,False,False,False,rsaEncryption,2048,sha256WithRSAEncryption,False,2014-02-28 21:38:49+00:00,2017-03-14 00:28:40+00:00,Go Daddy Root Certificate Authority - G2,
loc.gov,loc.gov,False,False,True,True,True,False,False,,True,False,False,rsaEncryption,2048,sha256WithRSAEncryption,True,2015-05-06 14:06:36+00:00,2018-05-06 21:47:51+00:00,Entrust Root Certification Authority,
macpac.gov,macpac.gov,False,False,True,True,True,True,False,2048,False,False,False,rsaEncryption,2048,sha256WithRSAEncryption,False,2015-08-27 18:13:10+00:00,2016-08-29 01:27:07+00:00,Entrust Root Certification Authority - G2,
makinghomeaffordable.gov,makinghomeaffordable.gov,False,False,True,True,True,True,False,,True,False,False,rsaEncryption,2048,sha256WithRSAEncryption,False,2015-09-11 00:00:00+00:00,2016-09-10 23:59:59+00:00,GeoTrust Global CA,
max.gov,max.gov,False,False,True,True,True,True,False,1024,True,False,False,rsaEncryption,2048,sha256WithRSAEncryption,False,2015-04-08 21:41:03+00:00,2016-02-10 02:53:25+00:00,Entrust Root Certification Authority,
mcc.gov,mcc.gov,False,False,True,True,True,True,False,,False,False,False,rsaEncryption,2048,sha256WithRSAEncryption,False,2015-02-25 00:00:00+00:00,2019-02-25 23:59:59+00:00,Symantec Class 3 Secure Server CA - G4,
medalofvalor.gov,medalofvalor.gov,True,True,True,True,True,True,False,1024,True,False,False,rsaEncryption,2048,sha256WithRSAEncryption,True,2013-10-22 12:00:01+00:00,2015-12-04 12:00:00+00:00,DigiCert High Assurance EV Root CA,
medicalcountermeasures.gov,medicalcountermeasures.gov,False,True,False,False,True,True,False,1024,False,False,,,,,,,,,_nassl.OpenSSLError - error:27069065:OCSP routines:OCSP_basic_verify:certificate verify error
medicalreservecorps.gov,medicalreservecorps.gov,False,False,True,True,True,True,False,,False,False,True,rsaEncryption,2048,sha256WithRSAEncryption,False,2015-02-05 00:00:00+00:00,2016-03-07 12:00:00+00:00,DigiCert Global Root CA,
medicare.gov,medicare.gov,False,False,True,True,True,True,False,,False,False,False,rsaEncryption,2048,sha256WithRSAEncryption,False,2015-08-19 00:00:00+00:00,2016-06-28 23:59:59+00:00,GeoTrust Global CA,
medlineplus.gov,medlineplus.gov,False,False,True,True,True,True,False,1024,False,False,False,rsaEncryption,2048,sha256WithRSAEncryption,True,2015-07-29 16:49:51+00:00,2017-07-30 00:07:56+00:00,Entrust Root Certification Authority,
mimedicare.gov,mimedicare.gov,False,False,True,True,True,True,False,,False,False,False,rsaEncryption,2048,sha256WithRSAEncryption,False,2015-08-19 00:00:00+00:00,2016-06-28 23:59:59+00:00,GeoTrust Global CA,
mojavedata.gov,mojavedata.gov,False,False,True,True,True,True,False,2048,True,False,False,rsaEncryption,2048,sha256WithRSAEncryption,True,2014-12-09 13:14:20+00:00,2015-12-12 07:22:35+00:00,Equifax Secure Certificate Authority,
moneyfactorystore.gov,moneyfactorystore.gov,False,False,True,False,False,False,False,,False,False,,,,,,,,,utils.SSLyzeSSLConnection.SSLHandshakeRejected - TLS / Unexpected EOF
mymedicare.gov,mymedicare.gov,False,False,True,True,True,True,False,,False,False,False,rsaEncryption,2048,sha256WithRSAEncryption,False,2015-08-19 00:00:00+00:00,2016-06-28 23:59:59+00:00,GeoTrust Global CA,
myra.gov,myra.gov,False,False,True,True,True,True,False,,False,False,False,rsaEncryption,2048,sha256WithRSAEncryption,False,2015-06-15 13:37:55+00:00,2018-06-15 22:09:01+00:00,Entrust Root Certification Authority,
nagb.gov,nagb.gov,False,False,True,True,True,True,True,4096,False,False,False,rsaEncryption,4096,sha256WithRSAEncryption,False,2015-08-04 00:00:00+00:00,2018-02-11 23:59:59+00:00,AddTrust External CA Root,
nano.gov,nano.gov,False,True,True,True,True,True,False,2048,True,False,False,rsaEncryption,2048,sha256WithRSAEncryption,False,2014-09-10 11:32:12+00:00,2017-09-11 03:23:46+00:00,Entrust.net Certification Authority (2048),
nasa.gov,nasa.gov,False,False,True,True,True,True,False,1024,False,False,False,rsaEncryption,2048,sha1WithRSAEncryption,True,2014-05-13 00:00:00+00:00,2016-05-17 12:00:00+00:00,DigiCert Global Root CA,
nationalchildrensstudy.gov,nationalchildrensstudy.gov,False,False,True,False,False,True,False,,False,False,True,rsaEncryption,2048,sha1WithRSAEncryption,True,2013-12-23 00:00:00+00:00,2016-01-06 12:00:00+00:00,DigiCert High Assurance EV Root CA,
nationalgangcenter.gov,nationalgangcenter.gov,False,False,True,True,True,True,False,,False,False,False,rsaEncryption,2048,sha256WithRSAEncryption,False,2013-10-22 12:00:01+00:00,2016-12-19 12:00:00+00:00,DigiCert High Assurance EV Root CA,
nationalresourcedirectory.gov,nationalresourcedirectory.gov,False,False,True,True,True,True,False,,True,False,False,rsaEncryption,2048,sha256WithRSAEncryption,False,2015-02-18 00:00:00+00:00,2016-02-19 23:59:59+00:00,VeriSign Class 3 Public Primary Certification Authority - G5,
nationalserviceresources.gov,nationalserviceresources.gov,False,False,True,True,True,True,False,2048,False,False,False,rsaEncryption,2048,sha1WithRSAEncryption,True,2014-11-06 08:45:22+00:00,2015-12-08 22:01:25+00:00,GeoTrust Global CA,
nbc.gov,nbc.gov,False,False,True,False,False,False,False,,False,False,False,rsaEncryption,2048,sha1WithRSAEncryption,True,2013-05-23 00:00:00+00:00,2016-09-16 12:00:00+00:00,DigiCert High Assurance EV Root CA,
ncd.gov,ncd.gov,False,False,True,False,False,False,False,,True,False,False,rsaEncryption,4096,sha256WithRSAEncryption,False,2015-07-22 00:00:00+00:00,2016-07-22 23:59:59+00:00,VeriSign Class 3 Public Primary Certification Authority - G5,
ncifcrf.gov,ncifcrf.gov,False,False,True,True,True,True,False,,False,False,False,rsaEncryption,2048,sha256WithRSAEncryption,False,2015-04-23 21:21:46+00:00,2018-05-05 01:09:59+00:00,Go Daddy Root Certificate Authority - G2,
ncirc.gov,ncirc.gov,False,False,True,True,True,True,False,,False,False,False,rsaEncryption,2048,sha1WithRSAEncryption,True,2014-07-17 00:00:00+00:00,2015-10-14 12:00:00+00:00,DigiCert High Assurance EV Root CA,
ncjrs.gov,ncjrs.gov,False,False,True,True,True,True,False,1024,False,False,False,rsaEncryption,2048,sha256WithRSAEncryption,True,2013-10-22 12:00:01+00:00,2015-11-03 12:00:00+00:00,DigiCert High Assurance EV Root CA,
ncpc.gov,ncpc.gov,False,False,True,True,True,True,False,2048,False,False,False,rsaEncryption,2048,sha256WithRSAEncryption,False,2015-04-24 23:19:34+00:00,2016-04-25 11:56:57+00:00,Entrust Root Certification Authority,
ncpw.gov,ncpw.gov,False,False,True,True,True,True,False,,False,False,False,rsaEncryption,2048,sha256WithRSAEncryption,False,2015-09-17 00:00:00+00:00,2016-11-15 23:59:59+00:00,GeoTrust Global CA,
nemi.gov,nemi.gov,False,False,True,True,True,False,False,,False,False,False,rsaEncryption,2048,sha256WithRSAEncryption,True,2014-12-23 00:00:00+00:00,2016-04-14 12:00:00+00:00,DigiCert High Assurance EV Root CA,
newmoney.gov,newmoney.gov,False,False,True,True,True,True,False,,True,False,False,rsaEncryption,2048,sha256WithRSAEncryption,False,2015-09-08 00:00:00+00:00,2016-11-06 23:59:59+00:00,GeoTrust Global CA,
nfpors.gov,nfpors.gov,False,True,True,False,False,True,False,,True,False,True,rsaEncryption,2048,sha256WithRSAEncryption,False,2014-12-19 00:00:00+00:00,2016-01-06 12:00:00+00:00,DigiCert High Assurance EV Root CA,
nga.gov,nga.gov,False,False,True,True,True,True,False,2048,True,False,False,rsaEncryption,2048,sha1WithRSAEncryption,True,2013-01-23 01:49:01+00:00,2017-01-25 19:10:34+00:00,GeoTrust Global CA,
nic.gov,nic.gov,False,False,True,True,True,True,False,1024,True,False,False,rsaEncryption,2048,sha256WithRSAEncryption,True,2015-01-09 00:00:00+00:00,2017-01-07 23:59:59+00:00,Class 3 Public Primary Certification Authority,
niem.gov,niem.gov,False,False,True,True,True,True,False,,False,False,False,rsaEncryption,2048,sha256WithRSAEncryption,True,2015-02-23 00:00:00+00:00,2016-02-23 23:59:59+00:00,Class 3 Public Primary Certification Authority,
nifc.gov,nifc.gov,False,False,True,False,False,False,False,,True,False,False,rsaEncryption,2048,sha1WithRSAEncryption,True,2015-04-13 00:00:00+00:00,2016-12-31 23:59:59+00:00,VeriSign Class 3 Secure Server CA - G3,
nihseniorhealth.gov,nihseniorhealth.gov,False,False,True,True,True,True,False,1024,False,False,False,rsaEncryption,2048,sha256WithRSAEncryption,True,2015-08-19 00:00:00+00:00,2016-12-01 12:00:00+00:00,DigiCert High Assurance EV Root CA,
nist.gov,nist.gov,False,False,False,False,True,True,False,2048,False,False,False,rsaEncryption,2048,sha256WithRSAEncryption,True,2015-04-08 00:00:00+00:00,2016-04-09 23:59:59+00:00,Class 3 Public Primary Certification Authority,
nitrd.gov,nitrd.gov,False,False,True,True,True,True,False,,False,False,,,,,,,,,_nassl.OpenSSLError - error:27069065:OCSP routines:OCSP_basic_verify:certificate verify error
nlrb.gov,nlrb.gov,False,False,True,False,False,True,False,,False,False,True,rsaEncryption,2048,sha256WithRSAEncryption,False,2015-04-21 00:00:00+00:00,2016-05-14 23:59:59+00:00,VeriSign Class 3 Public Primary Certification Authority - G5,
nmb.gov,nmb.gov,False,True,True,True,True,True,False,,True,False,False,rsaEncryption,2048,sha256WithRSAEncryption,False,2014-04-01 12:33:21+00:00,2015-04-01 12:33:21+00:00,Go Daddy Secure Certificate Authority - G2,
nnlm.gov,nnlm.gov,False,False,True,True,True,True,False,2048,False,False,False,rsaEncryption,2048,sha256WithRSAEncryption,True,2015-04-28 15:23:39+00:00,2016-07-30 14:56:46+00:00,Equifax Secure Certificate Authority,
nolaenvironmental.gov,nolaenvironmental.gov,False,False,True,True,True,False,False,,False,False,False,rsaEncryption,2048,sha256WithRSAEncryption,True,2015-01-20 00:00:00+00:00,2016-01-27 12:00:00+00:00,DigiCert High Assurance EV Root CA,
notalone.gov,notalone.gov,False,False,True,True,True,True,False,1024,True,False,False,rsaEncryption,2048,sha256WithRSAEncryption,True,2015-04-30 00:00:00+00:00,2016-04-30 23:59:59+00:00,Class 3 Public Primary Certification Authority,
nps.gov,nps.gov,False,False,True,True,True,True,False,,False,False,False,rsaEncryption,2048,sha1WithRSAEncryption,True,2015-06-19 16:52:07+00:00,2016-06-19 16:52:05+00:00,GTE CyberTrust Global Root,
nrd.gov,nrd.gov,False,False,True,True,True,True,False,,True,False,False,rsaEncryption,2048,sha256WithRSAEncryption,False,2015-02-18 00:00:00+00:00,2016-02-19 23:59:59+00:00,VeriSign Class 3 Public Primary Certification Authority - G5,
nrel.gov,nrel.gov,False,False,True,True,True,False,False,,False,False,False,rsaEncryption,2048,sha256WithRSAEncryption,True,2014-04-10 00:00:00+00:00,2017-04-14 12:00:00+00:00,DigiCert High Assurance EV Root CA,
nsa.gov,nsa.gov,False,False,True,True,True,True,False,,False,False,False,rsaEncryption,2048,sha256WithRSAEncryption,False,2015-02-05 05:37:02+00:00,2016-02-08 21:14:42+00:00,GeoTrust Global CA,
nsf.gov,nsf.gov,False,False,True,True,True,True,False,1024,False,False,False,rsaEncryption,2048,sha256WithRSAEncryption,False,2015-09-10 00:00:00+00:00,2016-09-13 23:59:59+00:00,VeriSign Class 3 Public Primary Certification Authority - G5,
nsopw.gov,nsopw.gov,False,False,True,True,True,True,False,,False,False,False,rsaEncryption,2048,sha256WithRSAEncryption,False,2015-06-24 00:00:00+00:00,2018-09-21 12:00:00+00:00,DigiCert High Assurance EV Root CA,
ntdprogram.gov,ntdprogram.gov,False,False,True,True,True,True,False,4096,False,False,False,rsaEncryption,4096,sha256WithRSAEncryption,True,2014-10-10 00:00:00+00:00,2016-10-20 23:59:59+00:00,Class 3 Public Primary Certification Authority,
ntis.gov,ntis.gov,True,True,True,False,False,True,False,,True,False,True,rsaEncryption,2048,sha256WithRSAEncryption,False,2015-06-19 14:43:24+00:00,2016-06-20 09:10:15+00:00,Entrust Root Certification Authority,
nutrition.gov,nutrition.gov,False,False,True,True,True,True,False,1024,False,False,False,rsaEncryption,2048,sha256WithRSAEncryption,True,2015-03-11 16:57:38+00:00,2016-03-11 16:57:38+00:00,Go Daddy Class 2 Certification Authority,
nwbc.gov,nwbc.gov,False,False,True,False,False,True,False,1024,False,False,False,rsaEncryption,2048,sha256WithRSAEncryption,True,2014-11-12 00:00:00+00:00,2018-11-12 23:59:59+00:00,Class 3 Public Primary Certification Authority,
oea.gov,oea.gov,False,True,True,True,True,True,False,1024,True,False,False,rsaEncryption,2048,sha1WithRSAEncryption,True,2014-04-15 19:59:58+00:00,2017-04-15 19:59:58+00:00,DOD CA-27,
ofda.gov,ofda.gov,True,True,True,False,False,True,False,,True,False,True,rsaEncryption,2048,sha256WithRSAEncryption,False,2014-06-23 00:00:00+00:00,2017-09-18 12:00:00+00:00,DigiCert Global Root CA,
omb.gov,omb.gov,False,False,True,True,True,True,False,,False,False,False,rsaEncryption,2048,sha256WithRSAEncryption,False,2015-06-09 02:58:16+00:00,2016-04-16 17:25:42+00:00,GeoTrust Global CA,
omblog.gov,omblog.gov,False,False,True,True,True,True,False,,False,False,False,rsaEncryption,2048,sha1WithRSAEncryption,True,2015-06-19 16:52:07+00:00,2016-06-19 16:52:05+00:00,GTE CyberTrust Global Root,
ondcp.gov,ondcp.gov,False,False,True,True,True,True,False,,False,False,False,rsaEncryption,2048,sha256WithRSAEncryption,False,2015-06-09 02:58:16+00:00,2016-04-16 17:25:42+00:00,GeoTrust Global CA,
onguardonline.gov,onguardonline.gov,False,False,True,True,True,True,False,,False,False,False,rsaEncryption,2048,sha256WithRSAEncryption,False,2015-09-17 00:00:00+00:00,2016-11-15 23:59:59+00:00,GeoTrust Global CA,
opensource.gov,opensource.gov,False,False,True,True,True,True,False,2048,False,False,False,rsaEncryption,2048,sha256WithRSAEncryption,True,2015-07-02 00:00:00+00:00,2016-07-01 23:59:59+00:00,GeoTrust Global CA,
opic.gov,opic.gov,False,False,True,True,True,True,False,2048,False,False,False,rsaEncryption,2048,sha256WithRSAEncryption,False,2015-02-24 00:00:00+00:00,2018-06-27 12:00:00+00:00,DigiCert High Assurance EV Root CA,
opm.gov,opm.gov,False,False,True,True,True,True,False,,False,False,False,rsaEncryption,2048,sha256WithRSAEncryption,False,2015-08-28 00:00:00+00:00,2016-11-26 23:59:59+00:00,GeoTrust Global CA,
orau.gov,orau.gov,False,False,True,True,True,True,False,,False,False,True,rsaEncryption,2048,sha256WithRSAEncryption,False,2014-04-24 00:00:00+00:00,2017-04-28 12:00:00+00:00,DigiCert High Assurance EV Root CA,
ornl.gov,ornl.gov,False,False,True,True,True,True,False,,False,False,False,rsaEncryption,2048,sha256WithRSAEncryption,False,2015-07-17 00:00:00+00:00,2018-07-16 23:59:59+00:00,thawte Primary Root CA - G3,
osac.gov,osac.gov,False,True,True,False,False,True,False,,True,False,True,rsaEncryption,2048,sha256WithRSAEncryption,False,2014-09-12 00:00:00+00:00,2017-10-25 12:00:00+00:00,DigiCert Global Root CA,
osc.gov,osc.gov,False,False,True,True,True,True,False,,False,False,,,,,,,,,_nassl.OpenSSLError - error:27069065:OCSP routines:OCSP_basic_verify:certificate verify error
osha.gov,osha.gov,False,False,True,True,True,True,False,,True,False,False,rsaEncryption,2048,sha256WithRSAEncryption,False,2015-08-25 00:00:00+00:00,2016-08-24 23:59:59+00:00,GeoTrust Global CA,
osti.gov,osti.gov,False,False,False,False,True,True,True,1024,False,False,,,,,,,,,socket.timeout - timed out
ostp.gov,ostp.gov,False,False,True,True,True,True,False,,False,False,False,rsaEncryption,2048,sha256WithRSAEncryption,False,2015-06-09 02:58:16+00:00,2016-04-16 17:25:42+00:00,GeoTrust Global CA,
ovcttac.gov,ovcttac.gov,False,False,True,True,True,True,False,,True,False,True,rsaEncryption,2048,sha256WithRSAEncryption,False,2014-10-07 00:00:00+00:00,2015-10-30 12:00:00+00:00,DigiCert Global Root CA,
pacer.gov,pacer.gov,False,False,True,True,True,True,False,,False,False,False,rsaEncryption,2048,sha256WithRSAEncryption,True,2015-04-17 00:00:00+00:00,2016-05-09 23:59:59+00:00,Class 3 Public Primary Certification Authority,
partner4solutions.gov,partner4solutions.gov,False,False,True,True,True,True,False,,False,False,False,rsaEncryption,2048,sha256WithRSAEncryption,False,2015-09-11 00:00:00+00:00,2016-09-10 23:59:59+00:00,GeoTrust Global CA,
pay.gov,pay.gov,False,True,True,True,True,True,False,,False,False,False,rsaEncryption,2048,sha256WithRSAEncryption,True,2015-05-28 14:58:43+00:00,2018-05-29 06:16:02+00:00,Entrust.net Certification Authority (2048),
paymentaccuracy.gov,paymentaccuracy.gov,False,False,True,True,True,True,False,1024,True,False,False,rsaEncryption,2048,sha256WithRSAEncryption,False,2015-04-08 21:36:29+00:00,2016-09-27 05:44:32+00:00,Entrust Root Certification Authority,
pbgc.gov,pbgc.gov,False,True,True,False,False,True,False,,True,False,True,rsaEncryption,2048,sha256WithRSAEncryption,False,2015-08-30 13:35:56+00:00,2016-10-01 05:58:51+00:00,GeoTrust Global CA,
pclob.gov,pclob.gov,False,False,True,True,True,True,False,,False,False,False,rsaEncryption,2048,sha256WithRSAEncryption,False,2015-02-18 22:45:31+00:00,2016-02-22 08:02:08+00:00,GeoTrust Global CA,
peacecorps.gov,peacecorps.gov,False,True,True,False,False,True,False,1024,True,False,False,rsaEncryption,2048,sha1WithRSAEncryption,True,2013-01-07 00:00:00+00:00,2016-04-11 12:00:00+00:00,DigiCert High Assurance EV Root CA,
pic.gov,pic.gov,True,True,True,False,False,True,False,,True,False,False,rsaEncryption,2048,sha256WithRSAEncryption,False,2015-02-12 00:00:00+00:00,2015-11-20 23:59:59+00:00,VeriSign Class 3 Public Primary Certification Authority - G5,
pmf.gov,pmf.gov,False,False,True,True,True,True,False,,False,False,False,rsaEncryption,2048,sha256WithRSAEncryption,False,2015-08-28 00:00:00+00:00,2016-11-26 23:59:59+00:00,GeoTrust Global CA,
pnl.gov,pnl.gov,False,False,True,True,True,False,False,,False,False,False,rsaEncryption,2048,sha256WithRSAEncryption,True,2015-08-04 18:37:14+00:00,2018-09-08 22:26:51+00:00,Entrust Root Certification Authority,
pnnl.gov,pnnl.gov,False,False,True,True,True,True,False,,False,False,False,rsaEncryption,2048,sha256WithRSAEncryption,True,2015-08-04 18:37:14+00:00,2018-09-08 22:26:51+00:00,Entrust Root Certification Authority,
ppirs.gov,ppirs.gov,False,False,True,True,False,True,False,1024,False,False,False,rsaEncryption,2048,sha1WithRSAEncryption,True,2014-06-18 18:20:06+00:00,2016-06-18 21:35:34+00:00,Entrust Certification Authority - L1E,
prc.gov,prc.gov,False,False,False,True,True,True,False,1024,False,False,True,rsaEncryption,2048,sha1WithRSAEncryption,True,2012-07-03 17:54:34+00:00,2016-07-04 01:30:26+00:00,Entrust.net Certification Authority (2048),
presidentialserviceawards.gov,presidentialserviceawards.gov,False,False,True,True,True,True,False,,True,False,True,rsaEncryption,2048,sha256WithRSAEncryption,False,2015-04-22 20:17:53+00:00,2017-06-23 15:22:37+00:00,GeoTrust Global CA,
pretrialservices.gov,pretrialservices.gov,False,False,True,True,True,True,False,,False,False,,,,,,,,,_nassl.OpenSSLError - error:27069065:OCSP routines:OCSP_basic_verify:certificate verify error
protecciondelconsumidor.gov,protecciondelconsumidor.gov,False,False,True,True,True,True,False,,False,False,False,rsaEncryption,2048,sha256WithRSAEncryption,False,2015-09-17 00:00:00+00:00,2016-11-15 23:59:59+00:00,GeoTrust Global CA,
protectyourmove.gov,protectyourmove.gov,False,False,True,False,False,True,False,,True,False,True,rsaEncryption,2048,sha256WithRSAEncryption,False,2013-11-21 00:00:00+00:00,2017-01-26 12:00:00+00:00,DigiCert High Assurance EV Root CA,
psa.gov,psa.gov,False,False,True,True,True,True,False,,False,False,,,,,,,,,_nassl.OpenSSLError - error:27069065:OCSP routines:OCSP_basic_verify:certificate verify error
psc.gov,psc.gov,False,False,True,False,False,True,False,1024,False,False,False,rsaEncryption,2048,sha256WithRSAEncryption,False,2014-08-13 14:40:22+00:00,2017-08-13 15:10:22+00:00,Federal Common Policy CA,
psob.gov,psob.gov,True,True,True,True,True,True,False,1024,True,False,False,rsaEncryption,2048,sha256WithRSAEncryption,True,2013-10-22 12:00:01+00:00,2016-03-23 12:00:00+00:00,DigiCert High Assurance EV Root CA,
pubmed.gov,pubmed.gov,False,False,True,True,True,True,True,1024,False,False,False,rsaEncryption,2048,sha256WithRSAEncryption,False,2015-06-08 00:00:00+00:00,2016-06-16 12:00:00+00:00,DigiCert High Assurance EV Root CA,
qatesttwai.gov,qatesttwai.gov,False,True,True,True,True,True,False,,False,False,False,rsaEncryption,1024,sha1WithRSAEncryption,True,2009-12-16 16:09:51+00:00,2019-12-14 16:09:51+00:00,TWAI Operations,
rcfl.gov,rcfl.gov,False,False,True,True,True,True,False,,False,False,True,rsaEncryption,2048,sha1WithRSAEncryption,True,2015-06-15 00:00:00+00:00,2015-12-31 23:59:59+00:00,AddTrust External CA Root,
reachhigher.gov,reachhigher.gov,False,False,True,True,True,True,False,,False,False,False,rsaEncryption,2048,sha256WithRSAEncryption,False,2015-06-09 02:58:16+00:00,2016-04-16 17:25:42+00:00,GeoTrust Global CA,
ready.gov,ready.gov,False,False,True,True,True,True,False,,False,False,False,rsaEncryption,2048,sha1WithRSAEncryption,True,2015-06-19 16:52:07+00:00,2016-06-19 16:52:05+00:00,GTE CyberTrust Global Root,
readybusiness.gov,readybusiness.gov,False,False,True,True,True,True,False,,False,False,False,rsaEncryption,2048,sha1WithRSAEncryption,True,2015-06-19 16:52:07+00:00,2016-06-19 16:52:05+00:00,GTE CyberTrust Global Root,
realestatesales.gov,realestatesales.gov,False,False,True,True,True,True,False,1024,False,False,False,rsaEncryption,2048,sha256WithRSAEncryption,True,2014-10-27 00:00:00+00:00,2015-10-28 23:59:59+00:00,Class 3 Public Primary Certification Authority,
realpropertyprofile.gov,realpropertyprofile.gov,False,False,True,True,True,False,False,,False,False,False,rsaEncryption,2048,sha256WithRSAEncryption,False,2015-07-29 00:00:00+00:00,2018-07-28 23:59:59+00:00,COMODO RSA Domain Validation Secure Server CA,
recalls.gov,recalls.gov,False,False,True,True,True,True,False,,True,False,False,rsaEncryption,2048,sha256WithRSAEncryption,False,2015-09-24 00:00:00+00:00,2016-11-22 23:59:59+00:00,GeoTrust Global CA,
recreation.gov,recreation.gov,False,False,True,True,True,True,False,,True,False,False,rsaEncryption,2048,sha256WithRSAEncryption,True,2015-03-25 21:49:05+00:00,2016-03-25 21:49:03+00:00,GTE CyberTrust Global Root,
research.gov,research.gov,False,False,True,True,True,True,False,1024,False,False,False,rsaEncryption,2048,sha1WithRSAEncryption,True,2015-08-13 00:00:00+00:00,2016-09-05 23:59:59+00:00,Class 3 Public Primary Certification Authority,
restorethegulf.gov,restorethegulf.gov,False,False,True,True,True,False,False,,False,False,False,rsaEncryption,2048,sha256WithRSAEncryption,True,2015-09-15 00:00:00+00:00,2016-09-19 12:00:00+00:00,DigiCert Global Root CA,
rocis.gov,rocis.gov,False,False,True,False,False,True,False,2048,True,False,False,rsaEncryption,2048,sha256WithRSAEncryption,False,2015-09-03 00:00:00+00:00,2016-09-11 23:59:59+00:00,Symantec Class 3 Secure Server CA - G4,
safecom.gov,safecom.gov,False,True,True,False,False,False,False,,False,False,,,,,,,,,utils.SSLyzeSSLConnection.SSLHandshakeRejected - TLS / Unexpected EOF
safecomprogram.gov,safecomprogram.gov,False,False,True,True,True,False,False,,False,False,False,rsaEncryption,2048,sha256WithRSAEncryption,False,2015-09-24 00:00:00+00:00,2016-12-23 23:59:59+00:00,GeoTrust Global CA,
saferproducts.gov,saferproducts.gov,False,False,True,True,True,True,False,,True,False,False,rsaEncryption,2048,sha256WithRSAEncryption,False,2015-09-24 00:00:00+00:00,2016-11-22 23:59:59+00:00,GeoTrust Global CA,
safetyact.gov,safetyact.gov,False,False,False,False,False,,,,,,,,,,,,,,utils.SSLyzeSSLConnection.SSLHandshakeRejected - TLS / Unexpected EOF
salmonrecovery.gov,salmonrecovery.gov,False,False,True,True,True,True,False,,False,False,,,,,,,,,_nassl.OpenSSLError - error:27069065:OCSP routines:OCSP_basic_verify:certificate verify error
sam.gov,sam.gov,False,False,True,False,False,True,False,1024,True,False,False,rsaEncryption,2048,sha1WithRSAEncryption,True,2015-04-15 10:26:09+00:00,2017-01-01 01:02:06+00:00,Entrust.net Secure Server Certification Authority,
save.gov,save.gov,False,False,True,True,True,True,False,1024,True,False,False,rsaEncryption,2048,sha256WithRSAEncryption,False,2014-12-05 20:14:33+00:00,2016-07-02 11:04:51+00:00,Entrust Root Certification Authority,
saveaward.gov,saveaward.gov,False,False,True,True,True,True,False,1024,True,False,False,rsaEncryption,2048,sha256WithRSAEncryption,False,2014-12-05 20:14:33+00:00,2016-07-02 11:04:51+00:00,Entrust Root Certification Authority,
sbst.gov,sbst.gov,False,False,True,True,True,True,False,,False,False,False,rsaEncryption,2048,sha256WithRSAEncryption,False,2015-09-11 00:00:00+00:00,2016-09-10 23:59:59+00:00,AddTrust External CA Root,
sciencebase.gov,sciencebase.gov,False,False,True,True,True,False,False,,False,False,False,rsaEncryption,2048,sha256WithRSAEncryption,False,2014-11-12 00:00:00+00:00,2015-12-16 12:00:00+00:00,DigiCert High Assurance EV Root CA,
sec.gov,sec.gov,False,False,True,True,True,True,False,,True,False,False,rsaEncryption,2048,sha256WithRSAEncryption,False,2015-06-25 00:00:00+00:00,2016-06-24 23:59:59+00:00,GeoTrust Global CA,
section508.gov,section508.gov,True,True,True,False,False,True,False,,True,False,False,rsaEncryption,2048,sha256WithRSAEncryption,False,2015-04-14 00:00:00+00:00,2016-04-14 23:59:59+00:00,VeriSign Class 3 Public Primary Certification Authority - G5,
senate.gov,senate.gov,False,False,True,True,True,True,False,,False,False,False,rsaEncryption,2048,sha256WithRSAEncryption,False,2015-06-15 00:00:00+00:00,2016-01-04 23:59:59+00:00,AddTrust External CA Root,
sentinel.gov,sentinel.gov,False,False,True,True,True,True,True,,False,False,False,rsaEncryption,2048,sha256WithRSAEncryption,True,2015-06-22 00:00:00+00:00,2018-09-05 12:00:00+00:00,DigiCert Global Root CA,
sftool.gov,sftool.gov,False,False,True,True,True,True,False,,False,False,True,rsaEncryption,2048,sha256WithRSAEncryption,False,2015-02-24 00:00:00+00:00,2016-02-25 23:59:59+00:00,VeriSign Class 3 Public Primary Certification Authority - G5,
sigtarp.gov,sigtarp.gov,False,False,True,True,True,True,False,,True,False,False,rsaEncryption,2048,sha256WithRSAEncryption,False,2015-09-11 00:00:00+00:00,2016-09-10 23:59:59+00:00,GeoTrust Global CA,
slgs.gov,slgs.gov,False,False,True,True,True,True,False,,False,False,False,rsaEncryption,2048,sha256WithRSAEncryption,False,2015-09-01 12:00:52+00:00,2017-09-02 05:45:53+00:00,Entrust Root Certification Authority,
smartgrid.gov,smartgrid.gov,False,False,True,True,True,True,False,1024,True,False,False,rsaEncryption,2048,sha256WithRSAEncryption,False,2015-04-17 00:00:00+00:00,2016-08-04 12:00:00+00:00,DigiCert Global Root CA,
socialsecurity.gov,socialsecurity.gov,False,False,True,False,False,False,False,,False,False,False,rsaEncryption,2048,sha256WithRSAEncryption,False,2015-06-08 00:00:00+00:00,2017-04-30 23:59:59+00:00,VeriSign Universal Root Certification Authority,
sss.gov,sss.gov,False,False,True,True,True,True,False,,False,False,False,rsaEncryption,2048,sha256WithRSAEncryption,False,2015-01-07 15:38:03+00:00,2018-04-03 07:13:32+00:00,Entrust Root Certification Authority - G2,
standards.gov,standards.gov,False,False,True,True,True,True,False,,False,False,True,rsaEncryption,2048,sha1WithRSAEncryption,True,2011-10-19 00:00:00+00:00,2017-10-18 23:59:59+00:00,VeriSign Class 3 Public Primary Certification Authority - G5,
stennis.gov,stennis.gov,False,True,True,True,True,True,False,4096,True,False,False,rsaEncryption,4096,sha256WithRSAEncryption,True,2015-04-27 22:21:42+00:00,2016-04-27 22:21:42+00:00,Go Daddy Class 2 Certification Authority,
stopalcoholabuse.gov,stopalcoholabuse.gov,False,False,True,True,True,True,False,,False,False,True,rsaEncryption,2048,sha256WithRSAEncryption,False,2015-01-15 00:00:00+00:00,2016-03-14 12:00:00+00:00,DigiCert Global Root CA,
stopmedicarefraud.gov,stopmedicarefraud.gov,False,False,True,True,True,True,False,,False,False,False,rsaEncryption,2048,sha256WithRSAEncryption,False,2015-09-10 00:00:00+00:00,2016-12-09 23:59:59+00:00,GeoTrust Global CA,
strategicsourcing.gov,strategicsourcing.gov,False,True,True,False,False,False,False,,True,False,False,rsaEncryption,2048,sha1WithRSAEncryption,True,2014-09-17 00:00:00+00:00,2015-11-03 23:59:59+00:00,VeriSign Class 3 Public Primary Certification Authority - G5,
strongmiddleclass.gov,strongmiddleclass.gov,False,False,True,True,True,True,False,,False,False,False,rsaEncryption,2048,sha256WithRSAEncryption,False,2015-06-09 02:58:16+00:00,2016-04-16 17:25:42+00:00,GeoTrust Global CA,
studentaid.gov,studentaid.gov,False,False,True,True,True,True,False,,True,False,False,rsaEncryption,2048,sha256WithRSAEncryption,False,2015-09-11 00:00:00+00:00,2016-12-10 23:59:59+00:00,GeoTrust Global CA,
studentloans.gov,studentloans.gov,False,True,True,True,True,False,False,,True,False,False,rsaEncryption,2048,sha1WithRSAEncryption,True,2014-05-25 00:00:00+00:00,2016-05-25 23:59:59+00:00,Class 3 Public Primary Certification Authority,
supportthevoter.gov,supportthevoter.gov,False,False,True,True,True,True,False,,False,False,False,rsaEncryption,2048,sha256WithRSAEncryption,False,2015-09-11 00:00:00+00:00,2016-09-10 23:59:59+00:00,GeoTrust Global CA,
sustainablecommunities.gov,sustainablecommunities.gov,False,False,True,True,True,True,False,,True,False,False,rsaEncryption,2048,sha256WithRSAEncryption,False,2015-04-08 09:47:29+00:00,2016-06-09 17:25:48+00:00,GeoTrust Global CA,
symbols.gov,symbols.gov,False,False,True,True,True,True,False,,False,False,False,rsaEncryption,2048,sha256WithRSAEncryption,True,2014-11-03 00:00:00+00:00,2015-11-25 23:59:59+00:00,Thawte Premium Server CA,
taxreform.gov,taxreform.gov,False,True,True,True,True,True,False,1024,True,False,False,rsaEncryption,2048,sha1WithRSAEncryption,True,2013-03-28 00:00:00+00:00,2017-03-28 23:59:59+00:00,VeriSign Class 3 Public Primary Certification Authority - G5,
telework.gov,telework.gov,False,False,True,True,True,True,False,,False,False,False,rsaEncryption,2048,sha256WithRSAEncryption,False,2015-08-28 00:00:00+00:00,2016-08-27 23:59:59+00:00,GeoTrust Global CA,
transportation.gov,transportation.gov,False,False,True,True,True,True,False,,True,False,False,rsaEncryption,2048,sha256WithRSAEncryption,False,2015-04-08 09:47:29+00:00,2016-06-09 17:25:48+00:00,GeoTrust Global CA,
treaslockbox.gov,treaslockbox.gov,False,True,True,True,True,True,False,,False,False,False,rsaEncryption,2048,sha256WithRSAEncryption,True,2014-12-01 18:39:09+00:00,2017-12-02 07:04:24+00:00,Entrust.net Secure Server Certification Authority,
treasury.gov,treasury.gov,False,False,True,True,True,True,False,,True,False,False,rsaEncryption,2048,sha256WithRSAEncryption,False,2015-09-11 00:00:00+00:00,2016-09-10 23:59:59+00:00,GeoTrust Global CA,
treasurydirect.gov,treasurydirect.gov,False,False,True,True,True,True,False,,False,False,False,rsaEncryption,2048,sha256WithRSAEncryption,False,2015-09-01 12:00:52+00:00,2017-09-02 05:45:53+00:00,Entrust Root Certification Authority,
treasuryhunt.gov,treasuryhunt.gov,False,False,True,True,True,True,False,,False,False,False,rsaEncryption,2048,sha256WithRSAEncryption,False,2015-09-01 12:00:52+00:00,2017-09-02 05:45:53+00:00,Entrust Root Certification Authority,
truman.gov,truman.gov,False,False,True,True,True,True,True,4096,False,False,False,rsaEncryption,2048,sha256WithRSAEncryption,False,2015-07-16 21:37:32+00:00,2016-07-18 02:30:55+00:00,GeoTrust Global CA,
tsa.gov,tsa.gov,False,False,True,True,True,False,False,,False,False,False,rsaEncryption,2048,sha256WithRSAEncryption,False,2015-09-24 00:00:00+00:00,2016-09-23 23:59:59+00:00,GeoTrust Global CA,
tsp.gov,tsp.gov,False,False,True,True,True,False,False,,False,False,False,rsaEncryption,2048,sha256WithRSAEncryption,False,2015-09-10 00:00:00+00:00,2016-09-09 23:59:59+00:00,VeriSign Class 3 Public Primary Certification Authority - G5,
udall.gov,udall.gov,False,False,True,False,False,True,False,,False,False,True,rsaEncryption,2048,sha1WithRSAEncryption,True,2014-10-02 00:00:00+00:00,2016-06-14 23:59:59+00:00,GeoTrust Global CA,
unicor.gov,unicor.gov,False,False,True,True,True,True,False,,True,False,False,rsaEncryption,2048,sha1WithRSAEncryption,True,2014-03-27 00:00:00+00:00,2016-04-18 23:59:59+00:00,Class 3 Public Primary Certification Authority,
unlocktalent.gov,unlocktalent.gov,False,False,True,True,True,True,False,,False,False,False,rsaEncryption,2048,sha256WithRSAEncryption,False,2015-08-28 00:00:00+00:00,2016-11-26 23:59:59+00:00,GeoTrust Global CA,
us-cert.gov,us-cert.gov,False,False,True,True,True,False,False,,False,False,False,rsaEncryption,2048,sha256WithRSAEncryption,False,2015-09-24 00:00:00+00:00,2016-09-23 23:59:59+00:00,GeoTrust Global CA,
usa.gov,usa.gov,False,False,True,True,True,True,False,,False,False,False,rsaEncryption,2048,sha256WithRSAEncryption,False,2015-09-11 00:00:00+00:00,2016-09-10 23:59:59+00:00,GeoTrust Global CA,
usaid.gov,usaid.gov,False,False,True,False,False,False,False,,False,False,False,rsaEncryption,2048,sha256WithRSAEncryption,True,2013-10-22 12:00:01+00:00,2016-06-29 12:00:00+00:00,DigiCert High Assurance EV Root CA,
usaidallnet.gov,usaidallnet.gov,False,True,True,False,False,False,False,,False,False,False,rsaEncryption,2048,sha1WithRSAEncryption,True,2012-08-29 00:00:00+00:00,2015-11-02 12:00:00+00:00,DigiCert High Assurance EV Root CA,
usajobs.gov,usajobs.gov,False,False,True,True,True,True,False,,False,False,False,rsaEncryption,2048,sha256WithRSAEncryption,True,2015-03-30 22:41:21+00:00,2016-03-30 22:41:18+00:00,GTE CyberTrust Global Root,
usalearning.gov,usalearning.gov,False,True,True,False,False,True,False,1024,False,False,False,rsaEncryption,2048,sha1WithRSAEncryption,True,2014-01-31 16:50:11+00:00,2015-10-01 01:26:59+00:00,Entrust.net Certification Authority (2048),
usap.gov,usap.gov,False,False,False,True,True,True,False,1024,False,False,True,rsaEncryption,2048,sha256WithRSAEncryption,False,2014-02-19 00:00:00+00:00,2016-12-30 12:00:00+00:00,DigiCert Global Root CA,
usaspending.gov,usaspending.gov,False,False,True,True,True,True,False,,True,False,False,rsaEncryption,2048,sha256WithRSAEncryption,False,2015-09-11 00:00:00+00:00,2016-09-10 23:59:59+00:00,GeoTrust Global CA,
usastaffing.gov,usastaffing.gov,False,False,True,True,True,True,False,,False,False,False,rsaEncryption,2048,sha256WithRSAEncryption,False,2015-08-07 00:00:00+00:00,2016-04-09 23:59:59+00:00,GeoTrust Global CA,
usbg.gov,usbg.gov,False,False,True,True,True,True,False,,False,False,False,rsaEncryption,4096,sha256WithRSAEncryption,True,2014-09-11 00:00:00+00:00,2015-11-20 12:00:00+00:00,DigiCert High Assurance EV Root CA,
usbr.gov,usbr.gov,False,False,True,True,True,True,False,1024,False,False,False,rsaEncryption,2048,sha256WithRSAEncryption,True,2015-09-15 00:00:00+00:00,2016-09-19 23:59:59+00:00,Class 3 Public Primary Certification Authority,
uscis.gov,uscis.gov,False,False,True,True,True,True,False,,False,False,False,rsaEncryption,2048,sha1WithRSAEncryption,True,2015-06-19 16:52:07+00:00,2016-06-19 16:52:05+00:00,GTE CyberTrust Global Root,
usgs.gov,usgs.gov,False,False,True,True,True,True,False,2048,False,False,False,rsaEncryption,2048,sha256WithRSAEncryption,False,2015-08-13 00:00:00+00:00,2016-08-17 12:00:00+00:00,DigiCert High Assurance EV Root CA,
usmint.gov,usmint.gov,False,True,True,False,True,False,False,,True,False,False,rsaEncryption,2048,sha1WithRSAEncryption,True,2014-04-24 15:17:30+00:00,2017-04-24 00:07:45+00:00,Entrust.net Certification Authority (2048),
usps.gov,usps.gov,False,False,True,True,True,True,False,,False,False,False,rsaEncryption,2048,sha256WithRSAEncryption,True,2015-03-05 21:29:47+00:00,2016-03-05 21:29:45+00:00,GTE CyberTrust Global Root,
uspsoig.gov,uspsoig.gov,False,False,True,True,True,True,False,1024,False,False,True,rsaEncryption,2048,sha256WithRSAEncryption,False,2015-06-26 00:00:00+00:00,2018-07-04 12:00:00+00:00,DigiCert High Assurance EV Root CA,
ustaxcourt.gov,ustaxcourt.gov,False,False,True,True,True,True,False,,True,False,True,rsaEncryption,2048,sha256WithRSAEncryption,False,2015-04-21 00:00:00+00:00,2017-04-21 23:59:59+00:00,VeriSign Class 3 Public Primary Certification Authority - G5,
ustda.gov,ustda.gov,True,True,True,False,False,False,False,,True,False,False,rsaEncryption,2048,sha256WithRSAEncryption,False,2014-05-30 17:31:14+00:00,2019-05-30 17:31:14+00:00,Go Daddy Secure Certificate Authority - G2,
ustr.gov,ustr.gov,False,False,True,True,True,True,False,1024,True,False,False,rsaEncryption,2048,sha256WithRSAEncryption,False,2015-01-22 19:21:45+00:00,2018-04-22 21:48:47+00:00,Entrust Root Certification Authority,
va.gov,va.gov,False,False,True,True,True,True,False,,True,False,False,rsaEncryption,2048,sha256WithRSAEncryption,False,2014-01-09 14:18:31+00:00,2017-01-09 14:18:31+00:00,Veterans Affairs Device CA B2,
vallescaldera.gov,vallescaldera.gov,True,False,True,False,False,True,False,,True,False,True,rsaEncryption,2048,sha256WithRSAEncryption,False,2014-11-17 00:00:00+00:00,2015-11-17 23:59:59+00:00,AddTrust External CA Root,
vef.gov,vef.gov,True,True,True,False,False,True,False,512,True,False,False,rsaEncryption,2048,sha256WithRSAEncryption,False,2013-12-16 00:00:00+00:00,2017-03-15 23:59:59+00:00,AddTrust External CA Root,
visitthecapitol.gov,visitthecapitol.gov,False,True,True,False,False,True,False,1024,True,False,False,rsaEncryption,2048,sha256WithRSAEncryption,False,2015-04-22 11:51:28+00:00,2016-04-23 04:08:03+00:00,Entrust Root Certification Authority,
volunteer.gov,volunteer.gov,False,False,True,False,False,False,False,,False,False,False,rsaEncryption,2048,sha256WithRSAEncryption,False,2014-12-14 21:44:20+00:00,2017-01-16 07:26:59+00:00,GeoTrust Global CA,
volunteeringinamerica.gov,volunteeringinamerica.gov,False,False,True,True,True,True,False,1024,False,False,True,rsaEncryption,4096,sha256WithRSAEncryption,False,2015-01-29 00:00:00+00:00,2016-01-29 23:59:59+00:00,AddTrust External CA Root,
wapa.gov,wapa.gov,False,False,True,False,False,False,False,,True,False,False,rsaEncryption,2048,sha1WithRSAEncryption,True,2014-06-17 19:38:40+00:00,2018-08-17 21:45:59+00:00,Entrust.net Certification Authority (2048),
wh.gov,wh.gov,False,False,True,True,True,True,False,,False,False,False,rsaEncryption,2048,sha256WithRSAEncryption,False,2015-06-09 02:58:16+00:00,2016-04-16 17:25:42+00:00,GeoTrust Global CA,
whitehouse.gov,whitehouse.gov,False,False,True,True,True,True,False,,False,False,False,rsaEncryption,2048,sha256WithRSAEncryption,True,2015-04-15 20:43:26+00:00,2016-04-15 20:43:22+00:00,GTE CyberTrust Global Root,
whitehousedrugpolicy.gov,whitehousedrugpolicy.gov,False,False,True,True,True,True,False,,False,False,False,rsaEncryption,2048,sha256WithRSAEncryption,False,2015-06-09 02:58:16+00:00,2016-04-16 17:25:42+00:00,GeoTrust Global CA,
wlci.gov,wlci.gov,False,False,True,True,True,False,False,,False,False,False,rsaEncryption,2048,sha256WithRSAEncryption,False,2014-09-03 00:00:00+00:00,2015-10-30 12:00:00+00:00,DigiCert High Assurance EV Root CA,
wmatc.gov,wmatc.gov,False,True,True,False,False,True,False,1024,True,False,False,rsaEncryption,2048,sha256WithRSAEncryption,False,2013-10-22 12:00:01+00:00,2016-01-06 12:00:00+00:00,DigiCert High Assurance EV Root CA,
womenfarmerclaims.gov,womenfarmerclaims.gov,False,True,True,False,False,False,False,,False,False,False,rsaEncryption,2048,sha256WithRSAEncryption,True,2015-02-06 14:16:57+00:00,2017-02-21 07:49:54+00:00,Entrust.net Certification Authority (2048),
womenshealth.gov,womenshealth.gov,True,False,True,False,False,True,False,,False,False,False,rsaEncryption,2048,sha256WithRSAEncryption,False,2015-01-08 00:00:00+00:00,2017-01-07 23:59:59+00:00,thawte Primary Root CA,
workplace.gov,workplace.gov,False,False,True,True,True,True,False,,True,False,False,rsaEncryption,2048,sha256WithRSAEncryption,False,2015-09-11 00:00:00+00:00,2016-09-10 23:59:59+00:00,GeoTrust Global CA,
wrp.gov,wrp.gov,False,False,True,True,True,False,False,,False,False,False,rsaEncryption,2048,sha256WithRSAEncryption,False,2015-06-25 00:00:00+00:00,2016-07-11 12:00:00+00:00,DigiCert Global Root CA,
youthgo.gov,youthgo.gov,False,True,True,True,True,True,False,2048,True,False,False,rsaEncryption,2048,sha256WithRSAEncryption,True,2015-02-06 20:38:38+00:00,2018-02-11 19:58:21+00:00,Go Daddy Class 2 Certification Authority,
